symbol,priceChange,priceChangePercent,weightedAvgPrice,prevClosePrice,lastPrice,lastQty,bidPrice,bidQty,askPrice,askQty,openPrice,highPrice,lowPrice,volume,quoteVolume,openTime,closeTime,firstId,lastId,count
BTCUSD4,0.0,0.0,0.0,22882.54,0.0,0.0,0.0,0.0,0.0,0.0,0.0,0.0,0.0,0.0,0.0,2025-02-12 09:54:21.827,2025-02-13 09:54:21.827,-1,-1,0
ETHUSD4,0.0,0.0,0.0,1626.03,0.0,0.0,0.0,0.0,0.0,0.0,0.0,0.0,0.0,0.0,0.0,2025-02-12 09:54:21.827,2025-02-13 09:54:21.827,-1,-1,0
XRPUSD,0.0,0.0,0.0,0.297,0.0,0.0,0.0,0.0,0.0,0.0,0.0,0.0,0.0,0.0,0.0,2025-02-12 09:54:21.827,2025-02-13 09:54:21.827,-1,-1,0
BCHUSD4,0.0,0.0,0.0,134.2,0.0,0.0,0.0,0.0,0.0,0.0,0.0,0.0,0.0,0.0,0.0,2025-02-12 09:54:21.827,2025-02-13 09:54:21.827,-1,-1,0
LTCUSD4,0.0,0.0,0.0,96.21,0.0,0.0,0.0,0.0,0.0,0.0,0.0,0.0,0.0,0.0,0.0,2025-02-12 09:54:21.827,2025-02-13 09:54:21.827,-1,-1,0
USDTUSD4,0.0,0.0,0.0,1.0003,0.0,0.0,0.0,0.0,0.0,0.0,0.0,0.0,0.0,0.0,0.0,2025-02-12 09:54:21.827,2025-02-13 09:54:21.827,-1,-1,0
BTCUSDT,439.71,0.42,104554.93204626,104777.72,105069.71,0.00222,105067.88,0.00449,105195.38,0.04077,104630.0,105234.57,103751.93,3.66933,383646.5488053,2025-05-31 16:37:03.958,2025-06-01 16:37:03.958,30501436,30502896,1461
ETHUSDT,0.02,0.001,2511.251182,2546.74,2538.13,0.001,2539.32,13.5685,2541.14,0.75,2538.11,2549.03,2470.07,153.3134,385008.456966,2025-05-31 16:37:03.969,2025-06-01 16:37:03.969,17729400,17730489,1090
XRPUSDT,-0.0189,-0.866,2.16525755,2.1879,2.1637,4.6,2.1656,1098.7,2.1666,5.4,2.1826,2.2028,2.125,194777.9,421744.31868,2025-05-31 16:37:03.196,2025-06-01 16:37:03.196,1890321,1891152,832
BCHUSDT,-14.4,-3.44,411.39602781,422.3,404.2,0.248,404.4,0.18,405.7,0.021,418.6,419.5,398.2,23.589,9704.4209,2025-05-31 16:37:03.160,2025-06-01 16:37:03.160,1923247,1923410,164
LTCUSDT,-0.14,-0.16,87.14140219,87.81,87.61,0.07,87.91,1.551,88.16,18.785,87.75,88.11,86.0,250.687,21845.21669,2025-05-31 16:37:02.948,2025-06-01 16:37:02.948,4212385,4212627,243
BNBUSD4,0.0,0.0,0.0,325.6257,0.0,0.0,0.0,0.0,0.0,0.0,0.0,0.0,0.0,0.0,0.0,2025-02-12 09:54:21.827,2025-02-13 09:54:21.827,-1,-1,0
BNBUSDT,-0.67,-0.102,654.871144,657.63,656.97,0.005,656.79,0.35,657.23,1.174,657.64,661.03,647.87,72.815,47684.44235,2025-05-31 16:37:03.051,2025-06-01 16:37:03.051,6189931,6190354,424
ETHBTC,-5e-05,-0.207,0.02407876,0.02412,0.02412,0.1168,0.02408,1.0095,0.02414,0.044,0.02417,0.02422,0.02382,5.3288,0.12831091,2025-05-31 16:37:01.614,2025-06-01 16:37:01.614,5739151,5739211,61
XRPBTC,0.0,0.0,0.0,8.64e-06,0.0,0.0,0.0,0.0,0.0,0.0,0.0,0.0,0.0,0.0,0.0,2025-02-12 09:54:21.827,2025-02-13 09:54:21.827,-1,-1,0
BNBBTC,-1e-05,-0.16,0.00624311,0.006292,0.006251,0.015,0.006222,3.03,0.006252,3.0,0.006261,0.006261,0.006237,1.44,0.00899008,2025-05-31 16:33:32.742,2025-06-01 16:33:32.742,2994576,2994583,8
LTCBTC,1.5e-05,1.693,0.00089458,0.000887,0.000901,0.236,0.0,0.0,0.0,0.0,0.000886,0.000905,0.000886,153.145,0.13700053,2025-05-22 01:28:43.094,2025-05-23 01:28:43.094,1553158,1553223,66
BCHBTC,0.0,0.0,0.0,0.00422,0.0,0.0,0.0,0.0,0.0,0.0,0.0,0.0,0.0,0.0,0.0,2025-02-12 09:54:21.827,2025-02-13 09:54:21.827,-1,-1,0
ADAUSD4,0.0,0.0,0.0,0.392,0.0,0.0,0.0,0.0,0.0,0.0,0.0,0.0,0.0,0.0,0.0,2025-02-12 09:54:21.827,2025-02-13 09:54:21.827,-1,-1,0
BATUSD4,0.0,0.0,0.0,0.2843,0.0,0.0,0.0,0.0,0.0,0.0,0.0,0.0,0.0,0.0,0.0,2025-02-12 09:54:21.827,2025-02-13 09:54:21.827,-1,-1,0
ETCUSD4,0.0,0.0,0.0,22.7276,0.0,0.0,0.0,0.0,0.0,0.0,0.0,0.0,0.0,0.0,0.0,2025-02-12 09:54:21.827,2025-02-13 09:54:21.827,-1,-1,0
XLMUSD4,0.0,0.0,0.0,0.091,0.0,0.0,0.0,0.0,0.0,0.0,0.0,0.0,0.0,0.0,0.0,2025-02-12 09:54:21.827,2025-02-13 09:54:21.827,-1,-1,0
ZRXUSD4,0.0,0.0,0.0,0.2525,0.0,0.0,0.0,0.0,0.0,0.0,0.0,0.0,0.0,0.0,0.0,2025-02-12 09:54:21.827,2025-02-13 09:54:21.827,-1,-1,0
ADAUSDT,-0.0045,-0.657,0.67215016,0.6871,0.6804,18.4,0.6826,3147.7,0.6835,2420.4,0.6849,0.6947,0.6552,215392.7,144776.23754,2025-05-31 16:37:04.155,2025-06-01 16:37:04.155,9434177,9434764,588
BATUSDT,0.0007,0.539,0.13303844,0.1293,0.1306,81.0,0.1299,8.0,0.1335,18671.0,0.1299,0.1365,0.126,4867.0,647.4981,2025-05-31 16:36:58.004,2025-06-01 16:36:58.004,1349430,1349483,54
ETCUSDT,-0.16,-0.941,16.83594147,17.01,16.84,0.53,17.0,189.75,17.04,0.51,17.0,17.42,16.68,933.91,15723.2541,2025-05-31 16:37:01.757,2025-06-01 16:37:01.757,2399717,2399834,118
XLMUSDT,0.0001,0.037,0.26573502,0.2677,0.2672,901.0,0.267,544.0,0.2674,515.0,0.2671,0.2676,0.2624,44641.0,11862.677,2025-05-31 16:37:02.583,2025-06-01 16:37:02.583,3009757,3009956,200
ZRXUSDT,-0.0055,-2.346,0.23620157,0.2344,0.2289,7.0,0.2338,3755.0,0.2382,50.0,0.2344,0.2408,0.2289,2292.0,541.374,2025-05-31 16:36:58.075,2025-06-01 16:36:58.075,1003638,1003688,51
LINKUSD4,0.0,0.0,0.0,6.9647,0.0,0.0,0.0,0.0,0.0,0.0,0.0,0.0,0.0,0.0,0.0,2025-02-12 09:54:21.827,2025-02-13 09:54:21.827,-1,-1,0
RVNUSD4,0.0,0.0,0.0,0.0295,0.0,0.0,0.0,0.0,0.0,0.0,0.0,0.0,0.0,0.0,0.0,2025-02-12 09:54:21.827,2025-02-13 09:54:21.827,-1,-1,0
DASHUSD4,0.0,0.0,0.0,60.21,0.0,0.0,0.0,0.0,0.0,0.0,0.0,0.0,0.0,0.0,0.0,2025-02-12 09:54:21.827,2025-02-13 09:54:21.827,-1,-1,0
ZECUSD4,0.0,0.0,0.0,43.96,0.0,0.0,0.0,0.0,0.0,0.0,0.0,0.0,0.0,0.0,0.0,2025-02-12 09:54:21.827,2025-02-13 09:54:21.827,-1,-1,0
ALGOUSD4,0.0,0.0,0.0,0.258,0.0,0.0,0.0,0.0,0.0,0.0,0.0,0.0,0.0,0.0,0.0,2025-02-12 09:54:21.827,2025-02-13 09:54:21.827,-1,-1,0
IOTAUSD4,0.0,0.0,0.0,0.25,0.0,0.0,0.0,0.0,0.0,0.0,0.0,0.0,0.0,0.0,0.0,2025-02-12 09:54:21.827,2025-02-13 09:54:21.827,-1,-1,0
BUSDUSD4,0.0,0.0,0.0,1.0005,0.0,0.0,0.0,0.0,0.0,0.0,0.0,0.0,0.0,0.0,0.0,2025-02-12 09:54:21.827,2025-02-13 09:54:21.827,-1,-1,0
BTCBUSD,0.0,0.0,0.0,44287.04,0.0,0.0,0.0,0.0,0.0,0.0,0.0,0.0,0.0,0.0,0.0,2025-02-12 09:54:21.827,2025-02-13 09:54:21.827,-1,-1,0
DOGEUSDT,-2e-05,-0.01,0.19127233,0.19342,0.19334,64.0,0.19355,1300.0,0.19393,1300.0,0.19336,0.19509,0.18654,1179964.0,225694.46334,2025-05-31 16:37:03.928,2025-06-01 16:37:03.928,12780011,12780610,600
WAVESUSD4,0.0,0.0,0.0,2.6353,0.0,0.0,0.0,0.0,0.0,0.0,0.0,0.0,0.0,0.0,0.0,2025-02-12 09:54:21.827,2025-02-13 09:54:21.827,-1,-1,0
ATOMUSDT,0.049,1.137,4.34477281,4.319,4.358,8.97,4.329,23.1,4.358,575.41,4.309,4.492,4.263,2306.98,10023.30398,2025-05-31 16:37:02.545,2025-06-01 16:37:02.545,5005704,5005887,184
ATOMUSD4,0.0,0.0,0.0,14.428,0.0,0.0,0.0,0.0,0.0,0.0,0.0,0.0,0.0,0.0,0.0,2025-02-12 09:54:21.827,2025-02-13 09:54:21.827,-1,-1,0
NEOUSDT,0.03,0.505,5.91837337,5.9,5.97,0.17,5.74,72.41,6.0,117.05,5.94,5.97,5.73,192.3,1138.1032,2025-05-31 16:36:53.183,2025-06-01 16:36:53.183,1218085,1218137,53
NEOUSD4,0.0,0.0,0.0,8.772,0.0,0.0,0.0,0.0,0.0,0.0,0.0,0.0,0.0,0.0,0.0,2025-02-12 09:54:21.827,2025-02-13 09:54:21.827,-1,-1,0
VETUSDT,9e-05,0.373,0.0241769,0.02409,0.02423,2677.2,0.02425,25702.8,0.0243,1600.0,0.02414,0.02437,0.02361,1150556.7,27816.895857,2025-05-31 16:37:02.294,2025-06-01 16:37:02.294,6121834,6122028,195
QTUMUSDT,0.08,4.175,1.95087224,1.983,1.996,83.1,1.924,16.4,2.017,6.7,1.916,1.996,1.915,190.2,371.0559,2025-05-31 16:36:10.249,2025-06-01 16:36:10.249,891872,891876,5
QTUMUSD4,0.0,0.0,0.0,2.804,0.0,0.0,0.0,0.0,0.0,0.0,0.0,0.0,0.0,0.0,0.0,2025-02-12 09:54:21.827,2025-02-13 09:54:21.827,-1,-1,0
NANOUSD,0.0,0.0,0.0,2.124,0.0,0.0,0.0,0.0,0.0,0.0,0.0,0.0,0.0,0.0,0.0,2025-02-12 09:54:21.827,2025-02-13 09:54:21.827,-1,-1,0
ICXUSD4,0.0,0.0,0.0,0.2397,0.0,0.0,0.0,0.0,0.0,0.0,0.0,0.0,0.0,0.0,0.0,2025-02-12 09:54:21.827,2025-02-13 09:54:21.827,-1,-1,0
ENJUSD4,0.0,0.0,0.0,0.4568,0.0,0.0,0.0,0.0,0.0,0.0,0.0,0.0,0.0,0.0,0.0,2025-02-12 09:54:21.827,2025-02-13 09:54:21.827,-1,-1,0
ONTUSD4,0.0,0.0,0.0,0.2301,0.0,0.0,0.0,0.0,0.0,0.0,0.0,0.0,0.0,0.0,0.0,2025-02-12 09:54:21.827,2025-02-13 09:54:21.827,-1,-1,0
ONTUSDT,0.0032,2.458,0.12856843,0.1302,0.1334,715.0,0.1306,3515.0,0.1335,3683.0,0.1302,0.1334,0.1254,29815.0,3833.2677,2025-05-31 16:24:40.793,2025-06-01 16:24:40.793,960002,960066,65
ZILUSD4,0.0,0.0,0.0,0.0287,0.0,0.0,0.0,0.0,0.0,0.0,0.0,0.0,0.0,0.0,0.0,2025-02-12 09:54:21.827,2025-02-13 09:54:21.827,-1,-1,0
ZILBUSD,0.0,0.0,0.0,0.02805,0.0,0.0,0.0,0.0,0.0,0.0,0.0,0.0,0.0,0.0,0.0,2025-02-12 09:54:21.827,2025-02-13 09:54:21.827,-1,-1,0
VETUSD4,0.0,0.0,0.0,0.0241,0.0,0.0,0.0,0.0,0.0,0.0,0.0,0.0,0.0,0.0,0.0,2025-02-12 09:54:21.827,2025-02-13 09:54:21.827,-1,-1,0
BNBBUSD,0.0,0.0,0.0,262.8,0.0,0.0,0.0,0.0,0.0,0.0,0.0,0.0,0.0,0.0,0.0,2025-02-12 09:54:21.827,2025-02-13 09:54:21.827,-1,-1,0
XRPBUSD,0.0,0.0,0.0,0.30138,0.0,0.0,0.0,0.0,0.0,0.0,0.0,0.0,0.0,0.0,0.0,2025-02-12 09:54:21.827,2025-02-13 09:54:21.827,-1,-1,0
ETHBUSD,0.0,0.0,0.0,2356.47,0.0,0.0,0.0,0.0,0.0,0.0,0.0,0.0,0.0,0.0,0.0,2025-02-12 09:54:21.827,2025-02-13 09:54:21.827,-1,-1,0
ALGOBUSD,0.0,0.0,0.0,0.2344,0.0,0.0,0.0,0.0,0.0,0.0,0.0,0.0,0.0,0.0,0.0,2025-02-12 09:54:21.827,2025-02-13 09:54:21.827,-1,-1,0
XTZUSD4,0.0,0.0,0.0,1.1814,0.0,0.0,0.0,0.0,0.0,0.0,0.0,0.0,0.0,0.0,0.0,2025-02-12 09:54:21.827,2025-02-13 09:54:21.827,-1,-1,0
XTZBUSD,0.0,0.0,0.0,1.15,0.0,0.0,0.0,0.0,0.0,0.0,0.0,0.0,0.0,0.0,0.0,2025-02-12 09:54:21.827,2025-02-13 09:54:21.827,-1,-1,0
HBARUSD4,0.0,0.0,0.0,0.0699,0.0,0.0,0.0,0.0,0.0,0.0,0.0,0.0,0.0,0.0,0.0,2025-02-12 09:54:21.827,2025-02-13 09:54:21.827,-1,-1,0
HBARBUSD,0.0,0.0,0.0,0.0635,0.0,0.0,0.0,0.0,0.0,0.0,0.0,0.0,0.0,0.0,0.0,2025-02-12 09:54:21.827,2025-02-13 09:54:21.827,-1,-1,0
OMGUSD4,0.0,0.0,0.0,1.6934,0.0,0.0,0.0,0.0,0.0,0.0,0.0,0.0,0.0,0.0,0.0,2025-02-12 09:54:21.827,2025-02-13 09:54:21.827,-1,-1,0
OMGBUSD,0.0,0.0,0.0,1.6688,0.0,0.0,0.0,0.0,0.0,0.0,0.0,0.0,0.0,0.0,0.0,2025-02-12 09:54:21.827,2025-02-13 09:54:21.827,-1,-1,0
MATICUSD4,0.0,0.0,0.0,1.1954,0.0,0.0,0.0,0.0,0.0,0.0,0.0,0.0,0.0,0.0,0.0,2025-02-12 09:54:21.827,2025-02-13 09:54:21.827,-1,-1,0
MATICBUSD,0.0,0.0,0.0,1.133,0.0,0.0,0.0,0.0,0.0,0.0,0.0,0.0,0.0,0.0,0.0,2025-02-12 09:54:21.827,2025-02-13 09:54:21.827,-1,-1,0
XTZBTC,0.0,0.0,0.0,3.128e-05,0.0,0.0,0.0,0.0,0.0,0.0,0.0,0.0,0.0,0.0,0.0,2025-02-12 09:54:21.827,2025-02-13 09:54:21.827,-1,-1,0
ADABTC,-7e-08,-1.069,6.46e-06,6.54e-06,6.48e-06,99.0,6.45e-06,2613.1,6.52e-06,62.7,6.55e-06,6.61e-06,6.33e-06,18804.3,0.1214049,2025-05-31 16:37:01.877,2025-06-01 16:37:01.877,2818012,2818091,80
REPBUSD,0.0,0.0,0.0,5.2,0.0,0.0,0.0,0.0,0.0,0.0,0.0,0.0,0.0,0.0,0.0,2025-02-12 09:54:21.827,2025-02-13 09:54:21.827,-1,-1,0
REPUSD,0.0,0.0,0.0,5.34,0.0,0.0,0.0,0.0,0.0,0.0,0.0,0.0,0.0,0.0,0.0,2025-02-12 09:54:21.827,2025-02-13 09:54:21.827,-1,-1,0
EOSBUSD,0.0,0.0,0.0,1.1738,0.0,0.0,0.0,0.0,0.0,0.0,0.0,0.0,0.0,0.0,0.0,2025-02-12 09:54:21.827,2025-02-13 09:54:21.827,-1,-1,0
EOSUSD4,0.0,0.0,0.0,1.09,0.0,0.0,0.0,0.0,0.0,0.0,0.0,0.0,0.0,0.0,0.0,2025-02-12 09:54:21.827,2025-02-13 09:54:21.827,-1,-1,0
DOGEUSD4,0.0,0.0,0.0,0.0918,0.0,0.0,0.0,0.0,0.0,0.0,0.0,0.0,0.0,0.0,0.0,2025-02-12 09:54:21.827,2025-02-13 09:54:21.827,-1,-1,0
KNCUSD4,0.0,0.0,0.0,0.891,0.0,0.0,0.0,0.0,0.0,0.0,0.0,0.0,0.0,0.0,0.0,2025-02-12 09:54:21.827,2025-02-13 09:54:21.827,-1,-1,0
KNCUSDT,0.0084,2.712,0.30975562,0.3143,0.3181,3.1,0.3157,1217.7,0.3185,425.1,0.3097,0.3181,0.3083,103.2,31.96678,2025-05-31 16:37:01.691,2025-06-01 16:37:01.691,1073573,1073575,3
VTHOUSDT,3.7e-05,1.746,0.00213937,0.002157,0.002156,78143.0,0.002149,1108998.0,0.002192,123919.0,0.002119,0.002187,0.0021,1183363.0,2531.653319,2025-05-31 16:37:03.928,2025-06-01 16:37:03.928,4463003,4463034,32
VTHOUSD4,0.0,0.0,0.0,0.0012,0.0,0.0,0.0,0.0,0.0,0.0,0.0,0.0,0.0,0.0,0.0,2025-02-12 09:54:21.827,2025-02-13 09:54:21.827,-1,-1,0
USDCUSD4,0.0,0.0,0.0,1.0018,0.0,0.0,0.0,0.0,0.0,0.0,0.0,0.0,0.0,0.0,0.0,2025-02-12 09:54:21.827,2025-02-13 09:54:21.827,-1,-1,0
COMPUSDT,-0.03,-0.075,39.82474297,40.41,40.08,2.464,40.29,61.406,40.79,21.786,40.11,41.05,39.74,89.931,3581.47896,2025-05-31 16:37:01.751,2025-06-01 16:37:01.751,980270,980337,68
COMPUSD4,0.0,0.0,0.0,52.07,0.0,0.0,0.0,0.0,0.0,0.0,0.0,0.0,0.0,0.0,0.0,2025-02-12 09:54:21.827,2025-02-13 09:54:21.827,-1,-1,0
MANAUSD4,0.0,0.0,0.0,0.7261,0.0,0.0,0.0,0.0,0.0,0.0,0.0,0.0,0.0,0.0,0.0,2025-02-12 09:54:21.827,2025-02-13 09:54:21.827,-1,-1,0
HNTUSD4,0.0,0.0,0.0,2.9002,0.0,0.0,0.0,0.0,0.0,0.0,0.0,0.0,0.0,0.0,0.0,2025-02-12 09:54:21.827,2025-02-13 09:54:21.827,-1,-1,0
HNTUSDT,0.0,0.0,0.0,1.27,0.0,0.0,0.0,0.0,0.0,0.0,0.0,0.0,0.0,0.0,0.0,2025-02-12 09:54:21.827,2025-02-13 09:54:21.827,-1,-1,0
MKRUSD4,0.0,0.0,0.0,697.5119,0.0,0.0,0.0,0.0,0.0,0.0,0.0,0.0,0.0,0.0,0.0,2025-02-12 09:54:21.827,2025-02-13 09:54:21.827,-1,-1,0
MKRUSDT,1.0,0.064,1572.12914093,1561.0,1573.0,0.023,1583.0,0.1,1598.0,2.0101,1572.0,1573.0,1572.0,0.1781,279.9962,2025-05-31 16:37:00.938,2025-06-01 16:37:00.938,751883,751885,3
DAIUSD4,0.0,0.0,0.0,1.0005,0.0,0.0,0.0,0.0,0.0,0.0,0.0,0.0,0.0,0.0,0.0,2025-02-12 09:54:21.827,2025-02-13 09:54:21.827,-1,-1,0
ONEUSDT,5e-05,0.415,0.01177654,0.01191,0.01211,9510.3,0.0121,19359.1,0.01215,172186.9,0.01206,0.01213,0.01161,3051538.3,35936.564545,2025-05-31 16:37:02.227,2025-06-01 16:37:02.227,5837093,5837203,111
ONEUSD4,0.0,0.0,0.0,0.0264,0.0,0.0,0.0,0.0,0.0,0.0,0.0,0.0,0.0,0.0,0.0,2025-02-12 09:54:21.827,2025-02-13 09:54:21.827,-1,-1,0
BANDUSDT,-0.013,-2.025,0.60238764,0.611,0.629,15.8,0.641,1713.8,0.664,1162.0,0.642,0.642,0.592,71.2,42.89,2025-05-31 16:37:00.554,2025-06-01 16:37:00.554,833823,833825,3
BANDUSD4,0.0,0.0,0.0,2.078,0.0,0.0,0.0,0.0,0.0,0.0,0.0,0.0,0.0,0.0,0.0,2025-02-12 09:54:21.827,2025-02-13 09:54:21.827,-1,-1,0
STORJUSDT,0.0,0.0,0.26011948,0.2692,0.2599,8.0,0.2597,4433.0,0.2693,9.0,0.2599,0.2602,0.2595,3522.0,916.1408,2025-05-31 16:36:46.172,2025-06-01 16:36:46.172,2026838,2026847,10
STORJUSD4,0.0,0.0,0.0,0.4241,0.0,0.0,0.0,0.0,0.0,0.0,0.0,0.0,0.0,0.0,0.0,2025-02-12 09:54:21.827,2025-02-13 09:54:21.827,-1,-1,0
BUSDUSDT,0.0,0.0,0.0,0.9993,0.0,0.0,0.0,0.0,0.0,0.0,0.0,0.0,0.0,0.0,0.0,2025-02-12 09:54:21.827,2025-02-13 09:54:21.827,-1,-1,0
UNIUSD4,0.0,0.0,0.0,6.8095,0.0,0.0,0.0,0.0,0.0,0.0,0.0,0.0,0.0,0.0,0.0,2025-02-12 09:54:21.827,2025-02-13 09:54:21.827,-1,-1,0
UNIUSDT,0.127,2.065,6.10710212,6.168,6.278,7.14,6.254,137.06,6.276,292.35,6.151,6.28,5.881,462.79,2826.30579,2025-05-31 16:37:03.406,2025-06-01 16:37:03.406,2065861,2065950,90
SOLUSD4,0.0,0.0,0.0,23.2867,0.0,0.0,0.0,0.0,0.0,0.0,0.0,0.0,0.0,0.0,0.0,2025-02-12 09:54:21.827,2025-02-13 09:54:21.827,-1,-1,0
SOLUSDT,-0.29,-0.186,154.74596157,156.73,155.77,0.723,155.64,48.55,155.92,364.307,156.06,157.89,150.75,1111.622,172019.01529,2025-05-31 16:37:04.181,2025-06-01 16:37:04.181,11199260,11199871,612
LINKBTC,1.5e-06,1.017,0.00014822,0.0001475,0.000149,3.32,0.0,0.0,0.0,0.0,0.0001475,0.0001519,0.0001468,2562.96,0.3798774,2025-05-22 01:28:45.275,2025-05-23 01:28:45.275,1714387,1714456,70
VETBTC,0.0,0.0,0.0,6.8e-07,0.0,0.0,0.0,0.0,0.0,0.0,0.0,0.0,0.0,0.0,0.0,2025-02-12 09:54:21.827,2025-02-13 09:54:21.827,-1,-1,0
UNIBTC,0.0,0.0,0.0,0.0001728,0.0,0.0,0.0,0.0,0.0,0.0,0.0,0.0,0.0,0.0,0.0,2025-02-12 09:54:21.827,2025-02-13 09:54:21.827,-1,-1,0
EGLDUSDT,0.83,5.639,15.42694293,15.1,15.55,1.61,15.36,13.68,15.61,3.2,14.72,15.58,14.53,91.46,1410.9482,2025-05-31 16:36:48.271,2025-06-01 16:36:48.271,2229995,2230006,12
EGLDUSD4,0.0,0.0,0.0,44.919,0.0,0.0,0.0,0.0,0.0,0.0,0.0,0.0,0.0,0.0,0.0,2025-02-12 09:54:21.827,2025-02-13 09:54:21.827,-1,-1,0
PAXGUSDT,2.66,0.081,3298.78024961,3299.66,3299.66,0.0423,3297.0,0.0082,3299.66,2.1914,3297.0,3299.66,3297.0,0.0641,211.451814,2025-05-31 16:27:03.856,2025-06-01 16:27:03.856,118255,118261,7
PAXGUSD4,0.0,0.0,0.0,1860.13,0.0,0.0,0.0,0.0,0.0,0.0,0.0,0.0,0.0,0.0,0.0,2025-02-12 09:54:21.827,2025-02-13 09:54:21.827,-1,-1,0
OXTUSDT,-0.009,-14.331,0.06107679,0.0526,0.0538,377.0,0.0544,357.0,0.0574,53260.0,0.0628,0.0628,0.0538,1969.0,120.2602,2025-05-31 16:35:37.664,2025-06-01 16:35:37.664,1739214,1739215,2
OXTUSD4,0.0,0.0,0.0,0.0967,0.0,0.0,0.0,0.0,0.0,0.0,0.0,0.0,0.0,0.0,0.0,2025-02-12 09:54:21.827,2025-02-13 09:54:21.827,-1,-1,0
ZENUSDT,-0.08,-0.819,10.17003148,8.7,9.69,42.0,9.92,52.74,10.93,37.01,9.77,11.0,9.34,171.54,1744.5672,2025-05-31 16:37:03.678,2025-06-01 16:37:03.678,972138,972148,11
ZENUSD4,0.0,0.0,0.0,10.324,0.0,0.0,0.0,0.0,0.0,0.0,0.0,0.0,0.0,0.0,0.0,2025-02-12 09:54:21.827,2025-02-13 09:54:21.827,-1,-1,0
BTCUSDC,472.99,0.452,104437.80057709,104722.35,105230.47,2e-05,105114.48,1.93419,105249.44,0.00253,104757.48,105340.5,103866.85,7.49906,783185.3327956,2025-05-31 16:37:04.168,2025-06-01 16:37:04.168,10168096,10179749,11654
ONEBUSD,0.0,0.0,0.0,0.0127,0.0,0.0,0.0,0.0,0.0,0.0,0.0,0.0,0.0,0.0,0.0,2025-02-12 09:54:21.827,2025-02-13 09:54:21.827,-1,-1,0
FILUSDT,-0.038,-1.484,2.56555462,2.565,2.522,5.83,2.575,272.55,2.583,174.63,2.56,2.614,2.522,258.97,664.40168,2025-05-31 16:37:03.345,2025-06-01 16:37:03.345,554692,554719,28
FILUSD4,0.0,0.0,0.0,5.27,0.0,0.0,0.0,0.0,0.0,0.0,0.0,0.0,0.0,0.0,0.0,2025-02-12 09:54:21.827,2025-02-13 09:54:21.827,-1,-1,0
AAVEUSDT,1.74,0.697,241.87573243,250.45,251.42,0.308,251.01,0.123,252.08,2.431,249.68,254.29,237.47,118.21,28592.13033,2025-05-31 16:37:02.409,2025-06-01 16:37:02.409,921894,922132,239
AAVEUSD4,0.0,0.0,0.0,85.61,0.0,0.0,0.0,0.0,0.0,0.0,0.0,0.0,0.0,0.0,0.0,2025-02-12 09:54:21.827,2025-02-13 09:54:21.827,-1,-1,0
GRTUSDT,-0.0015,-1.571,0.09460586,0.0947,0.094,41.0,0.0932,8270.0,0.0961,1442.0,0.0955,0.0963,0.0937,1041.0,98.4847,2025-05-31 16:36:54.435,2025-06-01 16:36:54.435,257187,257195,9
GRTUSD4,0.0,0.0,0.0,0.1292,0.0,0.0,0.0,0.0,0.0,0.0,0.0,0.0,0.0,0.0,0.0,2025-02-12 09:54:21.827,2025-02-13 09:54:21.827,-1,-1,0
SUSHIUSD4,0.0,0.0,0.0,1.425,0.0,0.0,0.0,0.0,0.0,0.0,0.0,0.0,0.0,0.0,0.0,2025-02-12 09:54:21.827,2025-02-13 09:54:21.827,-1,-1,0
ANKRUSD4,0.0,0.0,0.0,0.0285,0.0,0.0,0.0,0.0,0.0,0.0,0.0,0.0,0.0,0.0,0.0,2025-02-12 09:54:21.827,2025-02-13 09:54:21.827,-1,-1,0
AMPUSD,0.0,0.0,0.0,0.0081,0.0,0.0,0.0,0.0,0.0,0.0,0.0,0.0,0.0,0.0,0.0,2025-02-12 09:54:21.827,2025-02-13 09:54:21.827,-1,-1,0
SHIBUSDT,2.5e-07,1.961,1.276e-05,1.281e-05,1.3e-05,848807.0,1.3e-05,17900761.0,1.302e-05,20692347.0,1.275e-05,1.307e-05,1.259e-05,1980503275.0,25270.73130222,2025-05-31 16:37:02.323,2025-06-01 16:37:02.323,13894765,13895056,292
SHIBBUSD,0.0,0.0,0.0,1.078e-05,0.0,0.0,0.0,0.0,0.0,0.0,0.0,0.0,0.0,0.0,0.0,2025-02-12 09:54:21.827,2025-02-13 09:54:21.827,-1,-1,0
CRVUSDT,0.0131,1.972,0.66365446,0.6722,0.6774,46.3,0.6707,20.7,0.6788,245.6,0.6643,0.6774,0.6467,3043.2,2019.63324,2025-05-31 16:37:01.891,2025-06-01 16:37:01.891,847790,847812,23
CRVUSD4,0.0,0.0,0.0,1.047,0.0,0.0,0.0,0.0,0.0,0.0,0.0,0.0,0.0,0.0,0.0,2025-02-12 09:54:21.827,2025-02-13 09:54:21.827,-1,-1,0
AXSUSDT,0.009,0.352,2.50708179,2.515,2.567,0.55,2.527,147.52,2.571,6.87,2.558,2.59,2.459,209.32,524.78236,2025-05-31 16:37:00.278,2025-06-01 16:37:00.278,246182,246231,50
AXSUSD4,0.0,0.0,0.0,10.99,0.0,0.0,0.0,0.0,0.0,0.0,0.0,0.0,0.0,0.0,0.0,2025-02-12 09:54:21.827,2025-02-13 09:54:21.827,-1,-1,0
SOLBTC,-1.7e-05,-1.136,0.00147515,0.0014768,0.0014795,0.9,0.0014795,0.08,0.0014807,0.5,0.0014965,0.0015094,0.0014493,62.84,0.09269834,2025-05-31 16:33:08.009,2025-06-01 16:33:08.009,1170923,1171030,108
AVAXUSDT,-0.13,-0.621,20.68365897,20.96,20.79,0.91,20.84,7.0,20.87,1.67,20.92,21.84,20.21,1687.69,34907.6044,2025-05-31 16:37:01.899,2025-06-01 16:37:01.899,3041944,3042370,427
AVAXUSD4,0.0,0.0,0.0,19.95,0.0,0.0,0.0,0.0,0.0,0.0,0.0,0.0,0.0,0.0,0.0,2025-02-12 09:54:21.827,2025-02-13 09:54:21.827,-1,-1,0
CTSIUSDT,0.0,0.0,0.0637,0.0625,0.0637,156.0,0.0633,11466.0,0.065,5313.0,0.0637,0.0637,0.0637,156.0,9.9372,2025-05-31 16:36:32.554,2025-06-01 16:36:32.554,132199,132199,1
CTSIUSD4,0.0,0.0,0.0,0.1616,0.0,0.0,0.0,0.0,0.0,0.0,0.0,0.0,0.0,0.0,0.0,2025-02-12 09:54:21.827,2025-02-13 09:54:21.827,-1,-1,0
DOTUSDT,-0.03,-0.734,4.04771566,4.052,4.059,0.49,4.038,42.72,4.074,15.44,4.089,4.113,3.977,1626.41,6583.24522,2025-05-31 16:37:03.109,2025-06-01 16:37:03.109,1005683,1005755,73
DOTUSD4,0.0,0.0,0.0,6.66,0.0,0.0,0.0,0.0,0.0,0.0,0.0,0.0,0.0,0.0,0.0,2025-02-12 09:54:21.827,2025-02-13 09:54:21.827,-1,-1,0
YFIUSDT,254.0,5.2,4939.83105802,5563.0,5139.0,0.00253,4924.0,0.33037,5366.0,0.00932,4885.0,5139.0,4885.0,0.01172,57.89482,2025-05-31 16:35:24.436,2025-06-01 16:35:24.436,206386,206387,2
YFIUSD4,0.0,0.0,0.0,7598.84,0.0,0.0,0.0,0.0,0.0,0.0,0.0,0.0,0.0,0.0,0.0,2025-02-12 09:54:21.827,2025-02-13 09:54:21.827,-1,-1,0
1INCHUSDT,0.0035,1.721,0.20551443,0.2113,0.2069,6.7,0.2068,3154.6,0.2088,6.7,0.2034,0.2165,0.2012,3947.5,811.26822,2025-05-31 16:23:12.170,2025-06-01 16:23:12.170,187283,187317,35
1INCHUSD4,0.0,0.0,0.0,0.574,0.0,0.0,0.0,0.0,0.0,0.0,0.0,0.0,0.0,0.0,0.0,2025-02-12 09:54:21.827,2025-02-13 09:54:21.827,-1,-1,0
FTMUSDT,0.0001,0.021,0.50407792,0.4915,0.4806,6.0,0.0,0.0,0.0,0.0,0.4805,0.5186,0.4756,4217.0,2125.6966,2025-03-17 03:00:44.009,2025-03-18 03:00:44.009,2228337,2228371,35
FTMUSD4,0.0,0.0,0.0,0.5577,0.0,0.0,0.0,0.0,0.0,0.0,0.0,0.0,0.0,0.0,0.0,2025-02-12 09:54:21.827,2025-02-13 09:54:21.827,-1,-1,0
USDCUSDT,-0.0001,-0.01,0.99893219,0.999,0.9988,320.0,0.999,4619.0,0.9991,2703.0,0.9989,0.9994,0.9986,49488.0,49435.1563,2025-05-31 16:30:03.938,2025-06-01 16:30:03.938,930080,930296,217
ETHUSDC,15.17,0.601,2505.57698988,2553.34,2540.96,0.0064,2505.93,0.0098,2545.56,13.4324,2525.79,2553.37,2476.85,7.5502,18917.607389,2025-05-31 16:37:01.862,2025-06-01 16:37:01.862,985543,985565,23
USDCBUSD,0.0,0.0,0.0,1.0003,0.0,0.0,0.0,0.0,0.0,0.0,0.0,0.0,0.0,0.0,0.0,2025-02-12 09:54:21.827,2025-02-13 09:54:21.827,-1,-1,0
MATICUSDT,0.0,0.0,0.0,0.4492,0.0,0.0,0.0,0.0,0.0,0.0,0.0,0.0,0.0,0.0,0.0,2025-02-12 09:54:21.827,2025-02-13 09:54:21.827,-1,-1,0
MANAUSDT,-0.0002,-0.073,0.2701079,0.2704,0.2746,135.0,0.2734,2293.0,0.2753,3633.0,0.2748,0.2758,0.2676,3887.0,1049.9094,2025-05-31 16:37:02.301,2025-06-01 16:37:02.301,435723,435753,31
MANABUSD,0.0,0.0,0.0,0.5895,0.0,0.0,0.0,0.0,0.0,0.0,0.0,0.0,0.0,0.0,0.0,2025-02-12 09:54:21.827,2025-02-13 09:54:21.827,-1,-1,0
ALGOUSDT,0.002,1.025,0.19424426,0.1965,0.1971,57.0,0.196,5551.0,0.1975,19255.0,0.1951,0.1971,0.1907,8718.0,1693.4215,2025-05-31 16:37:01.893,2025-06-01 16:37:01.893,523115,523261,147
ADABUSD,0.0,0.0,0.0,0.3851,0.0,0.0,0.0,0.0,0.0,0.0,0.0,0.0,0.0,0.0,0.0,2025-02-12 09:54:21.827,2025-02-13 09:54:21.827,-1,-1,0
SOLBUSD,0.0,0.0,0.0,21.61,0.0,0.0,0.0,0.0,0.0,0.0,0.0,0.0,0.0,0.0,0.0,2025-02-12 09:54:21.827,2025-02-13 09:54:21.827,-1,-1,0
LINKUSDT,0.09,0.644,13.91198152,13.89,14.07,14.79,14.02,157.96,14.06,12.84,13.98,14.18,13.6,1167.74,16245.5773,2025-05-31 16:37:01.875,2025-06-01 16:37:01.875,1284042,1284251,210
EOSUSDT,0.0448,7.717,0.64437805,0.63,0.6253,55.4,0.5957,512.0,0.6499,99.9,0.5805,0.7317,0.5805,3458.9,2228.83922,2025-05-31 16:19:56.994,2025-06-01 16:19:56.994,120707,120756,50
ZECUSDT,3.48,7.316,50.11444235,47.23,51.05,0.141,50.4,0.132,51.19,0.13,47.57,53.04,47.57,40.922,2050.78321,2025-05-31 16:13:36.488,2025-06-01 16:13:36.488,206077,206336,260
ENJUSDT,0.0,0.0,0.10502246,0.1091,0.105,12342.2,0.105,15677.1,0.1078,88.2,0.105,0.1091,0.105,20206.7,2122.15728,2025-05-31 15:32:34.563,2025-06-01 15:32:34.563,236387,236426,40
NEARUSDT,0.044,1.826,2.41398032,2.458,2.453,1.0,2.445,273.3,2.458,590.3,2.409,2.456,2.354,1234.5,2980.0587,2025-05-31 16:36:52.096,2025-06-01 16:36:52.096,521021,521103,83
NEARBUSD,0.0,0.0,0.0,1.971,0.0,0.0,0.0,0.0,0.0,0.0,0.0,0.0,0.0,0.0,0.0,2025-02-12 09:54:21.827,2025-02-13 09:54:21.827,-1,-1,0
NEARUSD4,0.0,0.0,0.0,2.377,0.0,0.0,0.0,0.0,0.0,0.0,0.0,0.0,0.0,0.0,0.0,2025-02-12 09:54:21.827,2025-02-13 09:54:21.827,-1,-1,0
OMGUSDT,0.0,0.0,0.0,0.429,0.0,0.0,0.0,0.0,0.0,0.0,0.0,0.0,0.0,0.0,0.0,2025-02-12 09:54:21.827,2025-02-13 09:54:21.827,-1,-1,0
SUSHIUSDT,-0.001,-0.155,0.64246385,0.645,0.645,10.4,0.651,1255.4,0.655,10.4,0.646,0.655,0.63,163.2,104.8501,2025-05-31 16:37:03.786,2025-06-01 16:37:03.786,165556,165563,8
LRCUSDT,-0.0015,-1.691,0.08599691,0.0868,0.0872,114.0,0.0851,114.0,0.0882,1447.0,0.0887,0.0887,0.0839,940.0,80.8371,2025-05-31 16:37:01.736,2025-06-01 16:37:01.736,170596,170601,6
LRCUSD4,0.0,0.0,0.0,0.3718,0.0,0.0,0.0,0.0,0.0,0.0,0.0,0.0,0.0,0.0,0.0,2025-02-12 09:54:21.827,2025-02-13 09:54:21.827,-1,-1,0
LRCBTC,0.0,0.0,0.0,9.16e-06,0.0,0.0,0.0,0.0,0.0,0.0,0.0,0.0,0.0,0.0,0.0,2025-02-12 09:54:21.827,2025-02-13 09:54:21.827,-1,-1,0
KSHIBUSD4,0.0,0.0,0.0,0.0144,0.0,0.0,0.0,0.0,0.0,0.0,0.0,0.0,0.0,0.0,0.0,2025-02-12 09:54:21.827,2025-02-13 09:54:21.827,-1,-1,0
LPTUSDT,0.115,1.3,8.94924727,8.862,8.96,0.79,8.881,11.2,9.456,6.53,8.845,9.904,8.69,648.33,5802.06548,2025-05-31 16:37:04.184,2025-06-01 16:37:04.184,238416,238521,106
LPTBUSD,0.0,0.0,0.0,6.96,0.0,0.0,0.0,0.0,0.0,0.0,0.0,0.0,0.0,0.0,0.0,2025-02-12 09:54:21.827,2025-02-13 09:54:21.827,-1,-1,0
LPTUSD4,0.0,0.0,0.0,8.78,0.0,0.0,0.0,0.0,0.0,0.0,0.0,0.0,0.0,0.0,0.0,2025-02-12 09:54:21.827,2025-02-13 09:54:21.827,-1,-1,0
POLYUSDT,0.0,0.0,0.0,0.2624,0.0,0.0,0.0,0.0,0.0,0.0,0.0,0.0,0.0,0.0,0.0,2025-02-12 09:54:21.827,2025-02-13 09:54:21.827,-1,-1,0
POLYBUSD,0.0,0.0,0.0,0.264,0.0,0.0,0.0,0.0,0.0,0.0,0.0,0.0,0.0,0.0,0.0,2025-02-12 09:54:21.827,2025-02-13 09:54:21.827,-1,-1,0
POLYUSD,0.0,0.0,0.0,0.2628,0.0,0.0,0.0,0.0,0.0,0.0,0.0,0.0,0.0,0.0,0.0,2025-02-12 09:54:21.827,2025-02-13 09:54:21.827,-1,-1,0
POLYBTC,0.0,0.0,0.0,1.36e-05,0.0,0.0,0.0,0.0,0.0,0.0,0.0,0.0,0.0,0.0,0.0,2025-02-12 09:54:21.827,2025-02-13 09:54:21.827,-1,-1,0
MATICBTC,0.0,0.0,0.0,4.84e-06,0.0,0.0,0.0,0.0,0.0,0.0,0.0,0.0,0.0,0.0,0.0,2025-02-12 09:54:21.827,2025-02-13 09:54:21.827,-1,-1,0
DOTBTC,0.0,0.0,0.0,0.0001897,0.0,0.0,0.0,0.0,0.0,0.0,0.0,0.0,0.0,0.0,0.0,2025-02-12 09:54:21.827,2025-02-13 09:54:21.827,-1,-1,0
NMRUSDT,0.15,1.807,8.21084104,8.13,8.45,2.07,8.4,41.99,8.58,4.37,8.3,8.45,8.0,46.49,381.722,2025-05-31 16:36:38.082,2025-06-01 16:36:38.082,228914,228926,13
NMRUSD4,0.0,0.0,0.0,21.35,0.0,0.0,0.0,0.0,0.0,0.0,0.0,0.0,0.0,0.0,0.0,2025-02-12 09:54:21.827,2025-02-13 09:54:21.827,-1,-1,0
SLPUSDT,1.6e-05,1.062,0.00151147,0.001442,0.001522,3724.0,0.001371,227033.0,0.001531,32658.0,0.001506,0.001529,0.001502,31917.0,48.241684,2025-05-31 16:34:30.401,2025-06-01 16:34:30.401,189814,189817,4
SLPUSD4,0.0,0.0,0.0,0.0032,0.0,0.0,0.0,0.0,0.0,0.0,0.0,0.0,0.0,0.0,0.0,2025-02-12 09:54:21.827,2025-02-13 09:54:21.827,-1,-1,0
ANTUSDT,0.0,0.0,0.0,11.412,0.0,0.0,0.0,0.0,0.0,0.0,0.0,0.0,0.0,0.0,0.0,2025-02-12 09:54:21.827,2025-02-13 09:54:21.827,-1,-1,0
ANTUSD4,0.0,0.0,0.0,2.864,0.0,0.0,0.0,0.0,0.0,0.0,0.0,0.0,0.0,0.0,0.0,2025-02-12 09:54:21.827,2025-02-13 09:54:21.827,-1,-1,0
XNOUSD4,0.0,0.0,0.0,0.845,0.0,0.0,0.0,0.0,0.0,0.0,0.0,0.0,0.0,0.0,0.0,2025-02-12 09:54:21.827,2025-02-13 09:54:21.827,-1,-1,0
CHZUSDT,0.0,0.0,0.03855,0.03854,0.03855,175.0,0.03907,25211.0,0.03977,49676.0,0.03855,0.03855,0.03855,175.0,6.74625,2025-05-31 16:37:01.986,2025-06-01 16:37:01.986,197802,197802,1
CHZUSD4,0.0,0.0,0.0,0.1396,0.0,0.0,0.0,0.0,0.0,0.0,0.0,0.0,0.0,0.0,0.0,2025-02-12 09:54:21.827,2025-02-13 09:54:21.827,-1,-1,0
OGNUSDT,0.0,0.0,0.0,0.06,0.0,0.0,0.0422,15187.0,0.0759,17026.0,0.0,0.0,0.0,0.0,0.0,2025-05-31 12:51:31.809,2025-06-01 12:51:31.809,-1,-1,0
OGNUSD4,0.0,0.0,0.0,0.1298,0.0,0.0,0.0,0.0,0.0,0.0,0.0,0.0,0.0,0.0,0.0,2025-02-12 09:54:21.827,2025-02-13 09:54:21.827,-1,-1,0
GALAUSDT,0.00039,2.364,0.01654928,0.01659,0.01689,81.0,0.01681,5949.0,0.01695,386448.0,0.0165,0.01689,0.01616,403182.0,6672.37084,2025-05-31 16:37:03.352,2025-06-01 16:37:03.352,806449,806494,46
GALAUSD4,0.0,0.0,0.0,0.0528,0.0,0.0,0.0,0.0,0.0,0.0,0.0,0.0,0.0,0.0,0.0,2025-02-12 09:54:21.827,2025-02-13 09:54:21.827,-1,-1,0
TLMUSDT,-0.00011,-2.335,0.00470619,0.00455,0.0046,1712.0,0.00475,142674.0,0.00477,74548.0,0.00471,0.00471,0.0046,66272.0,311.8888,2025-05-31 16:27:34.242,2025-06-01 16:27:34.242,52333,52337,5
TLMUSD4,0.0,0.0,0.0,0.0235,0.0,0.0,0.0,0.0,0.0,0.0,0.0,0.0,0.0,0.0,0.0,2025-02-12 09:54:21.827,2025-02-13 09:54:21.827,-1,-1,0
SNXUSDT,0.025,3.748,0.66783458,0.676,0.692,21.6,0.682,412.4,0.691,11.9,0.667,0.692,0.663,858.4,573.2692,2025-05-31 16:37:03.588,2025-06-01 16:37:03.588,297448,297479,32
SNXUSD4,0.0,0.0,0.0,2.531,0.0,0.0,0.0,0.0,0.0,0.0,0.0,0.0,0.0,0.0,0.0,2025-02-12 09:54:21.827,2025-02-13 09:54:21.827,-1,-1,0
AUDIOUSDT,-0.0033,-4.628,0.07137676,0.0693,0.068,42.1,0.0682,7198.9,0.0705,709.2,0.0713,0.073,0.0679,6395.3,456.47578,2025-05-31 16:34:38.966,2025-06-01 16:34:38.966,179342,179353,12
AUDIOUSD4,0.0,0.0,0.0,0.264,0.0,0.0,0.0,0.0,0.0,0.0,0.0,0.0,0.0,0.0,0.0,2025-02-12 09:54:21.827,2025-02-13 09:54:21.827,-1,-1,0
ENSUSDT,-0.55,-2.58,20.49976945,20.87,20.77,0.22,20.72,15.95,21.02,3.43,21.32,21.32,20.26,3.47,71.1342,2025-05-31 16:37:01.549,2025-06-01 16:37:01.549,308787,308792,6
MANABTC,0.0,0.0,0.0,1.578e-05,0.0,0.0,0.0,0.0,0.0,0.0,0.0,0.0,0.0,0.0,0.0,2025-02-12 09:54:21.827,2025-02-13 09:54:21.827,-1,-1,0
ATOMBTC,0.0,0.0,0.0,0.0003604,0.0,0.0,0.0,0.0,0.0,0.0,0.0,0.0,0.0,0.0,0.0,2025-02-12 09:54:21.827,2025-02-13 09:54:21.827,-1,-1,0
AVAXBTC,1.43e-05,6.733,0.00021475,0.0002125,0.0002267,2.84,0.0,0.0,0.0,0.0,0.0002124,0.0002289,0.0002121,859.84,0.18464852,2025-05-22 01:28:47.357,2025-05-23 01:28:47.357,435614,436196,583
WBTCBTC,0.0,0.0,0.0,0.9511,0.0,0.0,0.9511,0.0059,1.0567,0.0005,0.0,0.0,0.0,0.0,0.0,2025-05-30 14:51:56.033,2025-05-31 14:51:56.033,-1,-1,0
REQUSDT,0.0,0.0,0.1357,0.1357,0.1357,661.0,0.1369,151.0,0.1433,198.0,0.1357,0.1357,0.1357,661.0,89.6977,2025-05-31 16:34:30.246,2025-06-01 16:34:30.246,95881,95881,1
REQUSD4,0.0,0.0,0.0,0.1085,0.0,0.0,0.0,0.0,0.0,0.0,0.0,0.0,0.0,0.0,0.0,2025-02-12 09:54:21.827,2025-02-13 09:54:21.827,-1,-1,0
APEUSDT,0.0313,5.129,0.61207794,0.6029,0.6416,197.39,0.6258,89.71,0.642,656.27,0.6103,0.6416,0.5938,865.52,529.765699,2025-05-31 16:37:03.958,2025-06-01 16:37:03.958,2096919,2096939,21
APEUSD4,0.0,0.0,0.0,5.6927,0.0,0.0,0.0,0.0,0.0,0.0,0.0,0.0,0.0,0.0,0.0,2025-02-12 09:54:21.827,2025-02-13 09:54:21.827,-1,-1,0
FLUXUSDT,0.0,0.0,0.22401535,0.2226,0.2232,40.75,0.2226,64.18,0.2232,64.01,0.2232,0.2267,0.2205,3984.05,892.488347,2025-05-31 16:32:41.196,2025-06-01 16:32:41.196,290588,290661,74
FLUXUSD4,0.0,0.0,0.0,0.905,0.0,0.0,0.0,0.0,0.0,0.0,0.0,0.0,0.0,0.0,0.0,2025-02-12 09:54:21.827,2025-02-13 09:54:21.827,-1,-1,0
TRXBTC,0.0,0.0,0.0,2.2e-06,0.0,0.0,0.0,0.0,0.0,0.0,0.0,0.0,0.0,0.0,0.0,2025-02-12 09:54:21.827,2025-02-13 09:54:21.827,-1,-1,0
TRXBUSD,0.0,0.0,0.0,0.06438,0.0,0.0,0.0,0.0,0.0,0.0,0.0,0.0,0.0,0.0,0.0,2025-02-12 09:54:21.827,2025-02-13 09:54:21.827,-1,-1,0
TRXUSDT,0.0,0.0,0.0,0.06697,0.0,0.0,0.0,0.0,0.0,0.0,0.0,0.0,0.0,0.0,0.0,2025-02-12 09:54:21.827,2025-02-13 09:54:21.827,-1,-1,0
TRXUSD4,0.0,0.0,0.0,0.0637,0.0,0.0,0.0,0.0,0.0,0.0,0.0,0.0,0.0,0.0,0.0,2025-02-12 09:54:21.827,2025-02-13 09:54:21.827,-1,-1,0
COTIUSDT,0.0,0.0,0.06106,0.06038,0.06106,81.0,0.05595,12160.0,0.06074,823.0,0.06106,0.06106,0.06106,81.0,4.94586,2025-05-31 16:36:56.990,2025-06-01 16:36:56.990,107080,107080,1
COTIUSD4,0.0,0.0,0.0,0.0985,0.0,0.0,0.0,0.0,0.0,0.0,0.0,0.0,0.0,0.0,0.0,2025-02-12 09:54:21.827,2025-02-13 09:54:21.827,-1,-1,0
VOXELUSDT,-0.0002,-0.35,0.0591892,0.0583,0.0569,438.3,0.058,10940.7,0.0606,825.1,0.0571,0.0617,0.0565,10649.3,630.32358,2025-05-31 16:34:30.544,2025-06-01 16:34:30.544,142967,142995,29
VOXELUSD4,0.0,0.0,0.0,0.3344,0.0,0.0,0.0,0.0,0.0,0.0,0.0,0.0,0.0,0.0,0.0,2025-02-12 09:54:21.827,2025-02-13 09:54:21.827,-1,-1,0
RLCUSDT,-0.004,-0.396,1.01086787,1.055,1.007,2.2,1.016,407.2,1.05,47.6,1.011,1.011,1.007,66.6,67.3238,2025-05-31 16:36:11.111,2025-06-01 16:36:11.111,47747,47748,2
RLCUSD4,0.0,0.0,0.0,1.981,0.0,0.0,0.0,0.0,0.0,0.0,0.0,0.0,0.0,0.0,0.0,2025-02-12 09:54:21.827,2025-02-13 09:54:21.827,-1,-1,0
USTUSDT,0.0,0.0,0.0,0.0065,0.0,0.0,0.0,0.0,0.0,0.0,0.0,0.0,0.0,0.0,0.0,2025-02-12 09:54:21.827,2025-02-13 09:54:21.827,-1,-1,0
USTUSD,0.0,0.0,0.0,0.0068,0.0,0.0,0.0,0.0,0.0,0.0,0.0,0.0,0.0,0.0,0.0,2025-02-12 09:54:21.827,2025-02-13 09:54:21.827,-1,-1,0
BICOUSDT,0.0,0.0,0.1017,0.0986,0.1017,97.93,0.1024,5548.8,0.1047,3618.97,0.1017,0.1017,0.1017,97.93,9.959481,2025-05-31 16:19:21.399,2025-06-01 16:19:21.399,79802,79802,1
BICOUSD4,0.0,0.0,0.0,0.385,0.0,0.0,0.0,0.0,0.0,0.0,0.0,0.0,0.0,0.0,0.0,2025-02-12 09:54:21.827,2025-02-13 09:54:21.827,-1,-1,0
API3USDT,0.025,3.682,0.69132918,0.678,0.704,19.07,0.716,583.67,0.738,574.23,0.679,0.704,0.678,57.81,39.96574,2025-05-31 16:35:20.068,2025-06-01 16:35:20.068,105427,105430,4
API3USD4,0.0,0.0,0.0,1.707,0.0,0.0,0.0,0.0,0.0,0.0,0.0,0.0,0.0,0.0,0.0,2025-02-12 09:54:21.827,2025-02-13 09:54:21.827,-1,-1,0
ENSUSD4,0.0,0.0,0.0,15.07,0.0,0.0,0.0,0.0,0.0,0.0,0.0,0.0,0.0,0.0,0.0,2025-02-12 09:54:21.827,2025-02-13 09:54:21.827,-1,-1,0
BTCUST,0.0,0.0,0.0,1000000.0,0.0,0.0,0.0,0.0,0.0,0.0,0.0,0.0,0.0,0.0,0.0,2025-02-12 09:54:21.827,2025-02-13 09:54:21.827,-1,-1,0
BNTUSDT,0.002,0.307,0.65250767,0.659,0.654,18.2,0.616,18.7,0.685,14.3,0.652,0.654,0.652,71.7,46.7848,2025-05-31 16:17:58.859,2025-06-01 16:17:58.859,26222,26223,2
BNTUSD4,0.0,0.0,0.0,0.448,0.0,0.0,0.0,0.0,0.0,0.0,0.0,0.0,0.0,0.0,0.0,2025-02-12 09:54:21.827,2025-02-13 09:54:21.827,-1,-1,0
IMXUSDT,-0.006,-1.087,0.55210241,0.549,0.546,6.96,0.548,130.0,0.549,6.92,0.552,0.561,0.54,124.5,68.73675,2025-05-31 16:26:27.055,2025-06-01 16:26:27.055,267956,267973,18
IMXUSD4,0.0,0.0,0.0,0.881,0.0,0.0,0.0,0.0,0.0,0.0,0.0,0.0,0.0,0.0,0.0,2025-02-12 09:54:21.827,2025-02-13 09:54:21.827,-1,-1,0
SPELLUSDT,0.0,0.0,0.0,0.0007725,0.0,0.0,0.0,0.0,0.0,0.0,0.0,0.0,0.0,0.0,0.0,2025-02-12 09:54:21.827,2025-02-13 09:54:21.827,-1,-1,0
SPELLUSD4,0.0,0.0,0.0,0.0009,0.0,0.0,0.0,0.0,0.0,0.0,0.0,0.0,0.0,0.0,0.0,2025-02-12 09:54:21.827,2025-02-13 09:54:21.827,-1,-1,0
JASMYUSDT,0.0,0.0,0.0,0.004962,0.0,0.0,0.0,0.0,0.0,0.0,0.0,0.0,0.0,0.0,0.0,2025-02-12 09:54:21.827,2025-02-13 09:54:21.827,-1,-1,0
JASMYUSD4,0.0,0.0,0.0,0.0068,0.0,0.0,0.0,0.0,0.0,0.0,0.0,0.0,0.0,0.0,0.0,2025-02-12 09:54:21.827,2025-02-13 09:54:21.827,-1,-1,0
FLOWUSDT,-0.01,-2.732,0.36088258,0.355,0.356,2.78,0.359,1461.84,0.368,439.99,0.366,0.366,0.356,331.12,119.49544,2025-05-31 16:29:20.914,2025-06-01 16:29:20.914,84427,84429,3
FLOWUSD4,0.0,0.0,0.0,1.11,0.0,0.0,0.0,0.0,0.0,0.0,0.0,0.0,0.0,0.0,0.0,2025-02-12 09:54:21.827,2025-02-13 09:54:21.827,-1,-1,0
GTCUSDT,0.007,2.811,0.24942895,0.249,0.256,4.0,0.256,2024.9,0.26,62.3,0.249,0.257,0.249,788.9,196.7745,2025-05-31 16:34:44.076,2025-06-01 16:34:44.076,36319,36321,3
GTCUSD4,0.0,0.0,0.0,2.062,0.0,0.0,0.0,0.0,0.0,0.0,0.0,0.0,0.0,0.0,0.0,2025-02-12 09:54:21.827,2025-02-13 09:54:21.827,-1,-1,0
THETAUSDT,0.004,0.526,0.75807532,0.761,0.764,3.0,0.761,371.1,0.765,1859.7,0.76,0.77,0.735,56976.6,43192.5541,2025-05-31 16:37:00.639,2025-06-01 16:37:00.639,262408,262590,183
THETAUSD4,0.0,0.0,0.0,1.09,0.0,0.0,0.0,0.0,0.0,0.0,0.0,0.0,0.0,0.0,0.0,2025-02-12 09:54:21.827,2025-02-13 09:54:21.827,-1,-1,0
TFUELUSDT,-0.00023,-0.683,0.03389713,0.03352,0.03343,4305.0,0.03434,12638.0,0.03463,10543.0,0.03366,0.03561,0.03342,81584.0,2765.46372,2025-05-31 16:36:26.113,2025-06-01 16:36:26.113,212844,212887,44
TFUELUSD4,0.0,0.0,0.0,0.0567,0.0,0.0,0.0,0.0,0.0,0.0,0.0,0.0,0.0,0.0,0.0,2025-02-12 09:54:21.827,2025-02-13 09:54:21.827,-1,-1,0
OCEANUSDT,0.0228,7.188,0.33785792,0.3172,0.34,407.0,0.3173,1457.0,0.3759,405.0,0.3172,0.376,0.3172,1426.0,481.7854,2025-05-31 14:57:43.437,2025-06-01 14:57:43.437,146019,146032,14
OCEANUSD4,0.0,0.0,0.0,0.4314,0.0,0.0,0.0,0.0,0.0,0.0,0.0,0.0,0.0,0.0,0.0,2025-02-12 09:54:21.827,2025-02-13 09:54:21.827,-1,-1,0
LAZIOUSDT,0.0,0.0,0.0,0.971,0.0,0.0,0.881,70.0,1.0,9.47,0.0,0.0,0.0,0.0,0.0,2025-05-31 12:57:12.405,2025-06-01 12:57:12.405,-1,-1,0
LAZIOUSD4,0.0,0.0,0.0,3.441,0.0,0.0,0.0,0.0,0.0,0.0,0.0,0.0,0.0,0.0,0.0,2025-02-12 09:54:21.827,2025-02-13 09:54:21.827,-1,-1,0
SANTOSUSDT,0.0,0.0,2.227,2.227,2.227,2.34,2.228,211.97,2.663,10.29,2.227,2.227,2.227,2.34,5.21118,2025-05-31 16:32:08.079,2025-06-01 16:32:08.079,188448,188448,1
SANTOSUSD4,0.0,0.0,0.0,5.692,0.0,0.0,0.0,0.0,0.0,0.0,0.0,0.0,0.0,0.0,0.0,2025-02-12 09:54:21.827,2025-02-13 09:54:21.827,-1,-1,0
ALPINEUSDT,0.0,0.0,0.0,0.698,0.0,0.0,0.706,657.77,1.199,239.92,0.0,0.0,0.0,0.0,0.0,2025-05-31 16:32:41.478,2025-06-01 16:32:41.478,-1,-1,0
ALPINEUSD4,0.0,0.0,0.0,2.7805,0.0,0.0,0.0,0.0,0.0,0.0,0.0,0.0,0.0,0.0,0.0,2025-02-12 09:54:21.827,2025-02-13 09:54:21.827,-1,-1,0
PORTOUSDT,-0.001,-0.101,0.98998254,0.989,0.989,1.12,0.989,6.9,1.299,62.78,0.99,0.99,0.989,64.16,63.51728,2025-05-31 13:01:13.010,2025-06-01 13:01:13.010,41486,41487,2
PORTOUSD4,0.0,0.0,0.0,3.0457,0.0,0.0,0.0,0.0,0.0,0.0,0.0,0.0,0.0,0.0,0.0,2025-02-12 09:54:21.827,2025-02-13 09:54:21.827,-1,-1,0
RENUSDT,0.00168,17.039,0.01173856,0.00991,0.01154,4274.0,0.0,0.0,0.0,0.0,0.00986,0.01197,0.00986,338990.0,3979.25518,2025-03-10 03:20:01.990,2025-03-11 03:20:01.990,71072,71107,36
RENUSD4,0.0,0.0,0.0,0.1011,0.0,0.0,0.0,0.0,0.0,0.0,0.0,0.0,0.0,0.0,0.0,2025-02-12 09:54:21.827,2025-02-13 09:54:21.827,-1,-1,0
CELRUSDT,0.0,0.0,0.00805325,0.00784,0.008,2089.7,0.008,93.6,0.00824,2073.0,0.008,0.00863,0.008,6801.8,54.776587,2025-05-31 16:08:12.023,2025-06-01 16:08:12.023,58848,58850,3
CELRUSD4,0.0,0.0,0.0,0.0196,0.0,0.0,0.0,0.0,0.0,0.0,0.0,0.0,0.0,0.0,0.0,2025-02-12 09:54:21.827,2025-02-13 09:54:21.827,-1,-1,0
SKLUSDT,-0.00013,-0.611,0.02025321,0.02043,0.02114,697.0,0.02047,15447.0,0.02137,689.0,0.02127,0.02127,0.01943,23018.0,466.18846,2025-05-31 15:30:25.333,2025-06-01 15:30:25.333,52641,52664,24
SKLUSD4,0.0,0.0,0.0,0.0384,0.0,0.0,0.0,0.0,0.0,0.0,0.0,0.0,0.0,0.0,0.0,2025-02-12 09:54:21.827,2025-02-13 09:54:21.827,-1,-1,0
VITEUSDT,-0.00029,-10.545,0.00279912,0.00277,0.00246,3994.8,0.0,0.0,0.0,0.0,0.00275,0.00343,0.00244,88076.0,246.534869,2025-03-10 03:20:04.019,2025-03-11 03:20:04.019,46501,46520,20
VITEUSD4,0.0,0.0,0.0,0.0254,0.0,0.0,0.0,0.0,0.0,0.0,0.0,0.0,0.0,0.0,0.0,2025-02-12 09:54:21.827,2025-02-13 09:54:21.827,-1,-1,0
WAXPUSDT,-0.00247,-11.634,0.02052903,0.0187,0.01876,3967.0,0.01876,87952.0,0.02149,61658.0,0.02123,0.0215,0.01876,11380.0,233.62033,2025-05-31 16:27:11.289,2025-06-01 16:27:11.289,195348,195354,7
WAXPUSD4,0.0,0.0,0.0,0.0799,0.0,0.0,0.0,0.0,0.0,0.0,0.0,0.0,0.0,0.0,0.0,2025-02-12 09:54:21.827,2025-02-13 09:54:21.827,-1,-1,0
LTOUSDT,0.0,0.0,0.0,0.0391,0.0,0.0,0.0272,13323.0,0.0463,15246.0,0.0,0.0,0.0,0.0,0.0,2025-05-31 13:02:14.917,2025-06-01 13:02:14.917,-1,-1,0
LTOUSD4,0.0,0.0,0.0,0.1039,0.0,0.0,0.0,0.0,0.0,0.0,0.0,0.0,0.0,0.0,0.0,2025-02-12 09:54:21.827,2025-02-13 09:54:21.827,-1,-1,0
FETUSDT,0.015,1.987,0.75468671,0.761,0.77,7.4,0.767,24.3,0.771,503.1,0.755,0.77,0.724,13865.4,10464.0331,2025-05-31 16:37:02.946,2025-06-01 16:37:02.946,1307908,1308016,109
FETUSD4,0.0,0.0,0.0,0.4293,0.0,0.0,0.0,0.0,0.0,0.0,0.0,0.0,0.0,0.0,0.0,2025-02-12 09:54:21.827,2025-02-13 09:54:21.827,-1,-1,0
BONDUSDT,0.0,0.0,0.0,3.44,0.0,0.0,0.0,0.0,0.0,0.0,0.0,0.0,0.0,0.0,0.0,2025-02-12 09:54:21.827,2025-02-13 09:54:21.827,-1,-1,0
BONDUSD4,0.0,0.0,0.0,4.51,0.0,0.0,0.0,0.0,0.0,0.0,0.0,0.0,0.0,0.0,0.0,2025-02-12 09:54:21.827,2025-02-13 09:54:21.827,-1,-1,0
LOKAUSDT,0.0,0.0,0.0623,0.0604,0.0623,239.4,0.057,12578.2,0.063,1635.0,0.0623,0.0623,0.0623,239.4,14.91462,2025-05-31 16:36:58.907,2025-06-01 16:36:58.907,48360,48360,1
LOKAUSD4,0.0,0.0,0.0,0.7049,0.0,0.0,0.0,0.0,0.0,0.0,0.0,0.0,0.0,0.0,0.0,2025-02-12 09:54:21.827,2025-02-13 09:54:21.827,-1,-1,0
ICPUSDT,0.196,4.118,4.86428963,4.892,4.956,0.26,4.883,167.83,4.99,10.47,4.76,4.956,4.759,739.87,3598.94197,2025-05-31 16:37:03.644,2025-06-01 16:37:03.644,415298,415338,41
ICPUSD4,0.0,0.0,0.0,5.7,0.0,0.0,0.0,0.0,0.0,0.0,0.0,0.0,0.0,0.0,0.0,2025-02-12 09:54:21.827,2025-02-13 09:54:21.827,-1,-1,0
TUSDT,0.0,0.0,0.0,0.015,0.0,0.0,0.01404,31460.4,0.01526,7405.3,0.0,0.0,0.0,0.0,0.0,2025-05-31 16:34:09.693,2025-06-01 16:34:09.693,-1,-1,0
TUSD4,0.0,0.0,0.0,0.0437,0.0,0.0,0.0,0.0,0.0,0.0,0.0,0.0,0.0,0.0,0.0,2025-02-12 09:54:21.827,2025-02-13 09:54:21.827,-1,-1,0
OPUSDT,-0.005,-0.776,0.65331919,0.634,0.639,4.19,0.65,235.81,0.656,55.62,0.644,0.661,0.639,2532.57,1654.57658,2025-05-31 16:37:02.566,2025-06-01 16:37:02.566,516985,517005,21
OPUSD4,0.0,0.0,0.0,2.829,0.0,0.0,0.0,0.0,0.0,0.0,0.0,0.0,0.0,0.0,0.0,2025-02-12 09:54:21.827,2025-02-13 09:54:21.827,-1,-1,0
ROSEUSDT,0.00071,2.476,0.02853828,0.0283,0.02938,115.0,0.02812,28648.7,0.02941,36229.5,0.02867,0.02938,0.02792,7301.9,208.383632,2025-05-31 16:37:03.370,2025-06-01 16:37:03.370,396853,396868,16
ROSEUSD4,0.0,0.0,0.0,0.0546,0.0,0.0,0.0,0.0,0.0,0.0,0.0,0.0,0.0,0.0,0.0,2025-02-12 09:54:21.827,2025-02-13 09:54:21.827,-1,-1,0
CELOUSDT,-0.0341,-9.677,0.33412328,0.3118,0.3183,22.3,0.3201,3285.6,0.3532,3105.6,0.3524,0.3836,0.3115,1498.6,500.71715,2025-05-31 16:36:56.542,2025-06-01 16:36:56.542,66319,66343,25
CELOUSD4,0.0,0.0,0.0,0.799,0.0,0.0,0.0,0.0,0.0,0.0,0.0,0.0,0.0,0.0,0.0,2025-02-12 09:54:21.827,2025-02-13 09:54:21.827,-1,-1,0
KDAUSDT,0.0127,2.8,0.45624016,0.4536,0.4663,28.54,0.4414,68.08,0.4668,43.99,0.4536,0.5792,0.4286,7013.67,3199.917916,2025-05-31 16:37:01.986,2025-06-01 16:37:01.986,333246,333325,80
KDAUSD4,0.0,0.0,0.0,1.167,0.0,0.0,0.0,0.0,0.0,0.0,0.0,0.0,0.0,0.0,0.0,2025-02-12 09:54:21.827,2025-02-13 09:54:21.827,-1,-1,0
KSMUSDT,-1.27,-7.587,15.78297783,15.55,15.47,0.124,15.52,46.23,16.24,1.28,16.74,16.74,15.47,61.444,969.76929,2025-05-31 16:24:11.684,2025-06-01 16:24:11.684,61095,61105,11
KSMUSD4,0.0,0.0,0.0,35.8,0.0,0.0,0.0,0.0,0.0,0.0,0.0,0.0,0.0,0.0,0.0,2025-02-12 09:54:21.827,2025-02-13 09:54:21.827,-1,-1,0
ACHUSDT,0.00028,1.296,0.02172447,0.02163,0.02189,889.0,0.02114,28495.0,0.02208,2151.0,0.02161,0.02215,0.02107,8785.0,190.84947,2025-05-31 16:37:01.790,2025-06-01 16:37:01.790,315167,315175,9
ACHUSD4,0.0,0.0,0.0,0.019,0.0,0.0,0.0,0.0,0.0,0.0,0.0,0.0,0.0,0.0,0.0,2025-02-12 09:54:21.827,2025-02-13 09:54:21.827,-1,-1,0
DARUSDT,0.00449,3.686,0.1318398,0.1328,0.12629,10.0,0.0,0.0,0.0,0.0,0.1218,0.1328,0.10092,1905.0,251.15482,2025-03-03 03:17:18.823,2025-03-04 03:17:18.823,32085,32099,15
DARUSD4,0.0,0.0,0.0,0.2487,0.0,0.0,0.0,0.0,0.0,0.0,0.0,0.0,0.0,0.0,0.0,2025-02-12 09:54:21.827,2025-02-13 09:54:21.827,-1,-1,0
RNDRUSDT,0.0,0.0,0.0,4.818,0.0,0.0,0.0,0.0,0.0,0.0,0.0,0.0,0.0,0.0,0.0,2025-02-12 09:54:21.827,2025-02-13 09:54:21.827,-1,-1,0
RNDRUSD4,0.0,0.0,0.0,1.885,0.0,0.0,0.0,0.0,0.0,0.0,0.0,0.0,0.0,0.0,0.0,2025-02-12 09:54:21.827,2025-02-13 09:54:21.827,-1,-1,0
SYSUSDT,-0.0043,-9.598,0.04054679,0.0465,0.0405,5000.0,0.0402,18151.0,0.047,55.0,0.0448,0.0448,0.0405,5055.0,204.964,2025-05-31 16:29:24.808,2025-06-01 16:29:24.808,68530,68531,2
SYSUSD4,0.0,0.0,0.0,0.1694,0.0,0.0,0.0,0.0,0.0,0.0,0.0,0.0,0.0,0.0,0.0,2025-02-12 09:54:21.827,2025-02-13 09:54:21.827,-1,-1,0
RADUSDT,0.0,0.0,0.701,0.751,0.701,84.3,0.701,4.7,0.912,1.9,0.701,0.701,0.701,84.3,59.0943,2025-05-31 16:25:33.526,2025-06-01 16:25:33.526,61108,61110,3
RADUSD4,0.0,0.0,0.0,1.92,0.0,0.0,0.0,0.0,0.0,0.0,0.0,0.0,0.0,0.0,0.0,2025-02-12 09:54:21.827,2025-02-13 09:54:21.827,-1,-1,0
ILVUSDT,0.03,0.23,13.07866817,12.38,13.09,5.238,12.82,40.061,13.27,3.768,13.06,13.09,13.06,13.335,174.40404,2025-05-31 16:34:29.978,2025-06-01 16:34:29.978,50031,50034,4
ILVUSD4,0.0,0.0,0.0,91.6,0.0,0.0,0.0,0.0,0.0,0.0,0.0,0.0,0.0,0.0,0.0,2025-02-12 09:54:21.827,2025-02-13 09:54:21.827,-1,-1,0
LDOUSDT,0.026,3.106,0.8467365,0.836,0.863,46.94,0.855,68.95,0.886,331.07,0.837,0.863,0.836,197.46,167.19659,2025-05-31 16:35:42.573,2025-06-01 16:35:42.573,201586,201591,6
LDOUSD4,0.0,0.0,0.0,2.047,0.0,0.0,0.0,0.0,0.0,0.0,0.0,0.0,0.0,0.0,0.0,2025-02-12 09:54:21.827,2025-02-13 09:54:21.827,-1,-1,0
RAREUSDT,0.0014,2.574,0.0550733,0.0543,0.0558,179.3,0.0557,1426.2,0.0559,178.9,0.0544,0.0558,0.0544,6757.0,372.13027,2025-05-31 16:35:24.127,2025-06-01 16:35:24.127,55170,55208,39
RAREUSD4,0.0,0.0,0.0,0.156,0.0,0.0,0.0,0.0,0.0,0.0,0.0,0.0,0.0,0.0,0.0,2025-02-12 09:54:21.827,2025-02-13 09:54:21.827,-1,-1,0
LSKUSDT,0.0,0.0,0.433,0.431,0.433,23.0,0.413,1492.5,0.451,110.9,0.433,0.433,0.433,23.0,9.959,2025-05-31 16:32:55.938,2025-06-01 16:32:55.938,27514,27514,1
LSKUSD4,0.0,0.0,0.0,1.399,0.0,0.0,0.0,0.0,0.0,0.0,0.0,0.0,0.0,0.0,0.0,2025-02-12 09:54:21.827,2025-02-13 09:54:21.827,-1,-1,0
DGBUSDT,-0.00013,-1.404,0.00916195,0.00906,0.00913,1089.7,0.00899,4685.5,0.00913,10293.5,0.00926,0.00928,0.00892,153725.2,1408.422945,2025-05-31 16:35:25.841,2025-06-01 16:35:25.841,144097,144145,49
DGBUSD4,0.0,0.0,0.0,0.0107,0.0,0.0,0.0,0.0,0.0,0.0,0.0,0.0,0.0,0.0,0.0,2025-02-12 09:54:21.827,2025-02-13 09:54:21.827,-1,-1,0
REEFUSDT,-9.8e-05,-19.679,0.00045899,0.00041,0.0004,50522.0,0.000401,155640.0,0.000497,110663.0,0.000498,0.000499,0.0004,355982.0,163.392474,2025-05-31 13:06:18.835,2025-06-01 13:06:18.835,71456,71461,6
REEFUSD4,0.0,0.0,0.0,0.0034,0.0,0.0,0.0,0.0,0.0,0.0,0.0,0.0,0.0,0.0,0.0,2025-02-12 09:54:21.827,2025-02-13 09:54:21.827,-1,-1,0
SRMUSDT,0.0,0.0,0.0,0.16201,0.0,0.0,0.0,0.0,0.0,0.0,0.0,0.0,0.0,0.0,0.0,2025-02-12 09:54:21.827,2025-02-13 09:54:21.827,-1,-1,0
SRMUSD,0.0,0.0,0.0,0.1772,0.0,0.0,0.0,0.0,0.0,0.0,0.0,0.0,0.0,0.0,0.0,2025-02-12 09:54:21.827,2025-02-13 09:54:21.827,-1,-1,0
ALICEUSDT,-0.0363,-7.924,0.42860661,0.425,0.4218,23.61,0.3781,111.08,0.4243,117.84,0.4581,0.4581,0.4218,184.26,78.975054,2025-05-31 16:34:38.640,2025-06-01 16:34:38.640,21424,21427,4
ALICEUSD4,0.0,0.0,0.0,1.801,0.0,0.0,0.0,0.0,0.0,0.0,0.0,0.0,0.0,0.0,0.0,2025-02-12 09:54:21.827,2025-02-13 09:54:21.827,-1,-1,0
FORTHUSDT,0.0,0.0,0.0,2.271,0.0,0.0,2.233,302.25,2.337,303.9,0.0,0.0,0.0,0.0,0.0,2025-05-31 16:35:28.771,2025-06-01 16:35:28.771,-1,-1,0
FORTHUSD4,0.0,0.0,0.0,3.66,0.0,0.0,0.0,0.0,0.0,0.0,0.0,0.0,0.0,0.0,0.0,2025-02-12 09:54:21.827,2025-02-13 09:54:21.827,-1,-1,0
ASTRUSDT,-0.00074,-2.69,0.02696762,0.02747,0.02677,7471.0,0.0263,720.0,0.02631,1710.3,0.02751,0.02751,0.02677,10225.8,275.765462,2025-05-30 12:21:58.677,2025-05-31 12:21:58.677,64650,64653,4
ASTRUSD4,0.0,0.0,0.0,0.0541,0.0,0.0,0.0,0.0,0.0,0.0,0.0,0.0,0.0,0.0,0.0,2025-02-12 09:54:21.827,2025-02-13 09:54:21.827,-1,-1,0
BTRSTUSDT,0.006,2.39,0.24303131,0.262,0.257,10.4,0.244,401.7,0.259,5.2,0.251,0.257,0.205,268.3,65.2053,2025-05-31 16:32:17.412,2025-06-01 16:32:17.412,19963,19982,20
BTRSTUSD4,0.0,0.0,0.0,1.083,0.0,0.0,0.0,0.0,0.0,0.0,0.0,0.0,0.0,0.0,0.0,2025-02-12 09:54:21.827,2025-02-13 09:54:21.827,-1,-1,0
GALUSDT,0.0,0.0,0.0,2.24,0.0,0.0,0.0,0.0,0.0,0.0,0.0,0.0,0.0,0.0,0.0,2025-02-12 09:54:21.827,2025-02-13 09:54:21.827,-1,-1,0
GALUSD4,0.0,0.0,0.0,2.304,0.0,0.0,0.0,0.0,0.0,0.0,0.0,0.0,0.0,0.0,0.0,2025-02-12 09:54:21.827,2025-02-13 09:54:21.827,-1,-1,0
SANDUSDT,-0.0024,-0.896,0.26406554,0.2665,0.2655,35.0,0.2718,687.0,0.2752,72.0,0.2679,0.2768,0.2588,1837.0,485.0884,2025-05-31 16:36:12.031,2025-06-01 16:36:12.031,148396,148425,30
SANDUSD4,0.0,0.0,0.0,0.7269,0.0,0.0,0.0,0.0,0.0,0.0,0.0,0.0,0.0,0.0,0.0,2025-02-12 09:54:21.827,2025-02-13 09:54:21.827,-1,-1,0
BALUSDT,0.0,0.0,1.039,1.186,1.039,9.58,1.033,94.88,1.109,45.09,1.039,1.039,1.039,9.58,9.95362,2025-05-31 16:34:46.717,2025-06-01 16:34:46.717,9459,9459,1
BALUSD4,0.0,0.0,0.0,6.869,0.0,0.0,0.0,0.0,0.0,0.0,0.0,0.0,0.0,0.0,0.0,2025-02-12 09:54:21.827,2025-02-13 09:54:21.827,-1,-1,0
POLYXUSD4,0.0,0.0,0.0,0.2063,0.0,0.0,0.0,0.0,0.0,0.0,0.0,0.0,0.0,0.0,0.0,2025-02-12 09:54:21.827,2025-02-13 09:54:21.827,-1,-1,0
GLMUSDT,0.0,0.0,0.0,0.246,0.0,0.0,0.2298,2188.3,0.2374,83.2,0.0,0.0,0.0,0.0,0.0,2025-05-31 16:36:31.440,2025-06-01 16:36:31.440,-1,-1,0
GLMUSD4,0.0,0.0,0.0,0.2611,0.0,0.0,0.0,0.0,0.0,0.0,0.0,0.0,0.0,0.0,0.0,2025-02-12 09:54:21.827,2025-02-13 09:54:21.827,-1,-1,0
CLVUSDT,-0.00047,-2.527,0.01828537,0.01869,0.01813,533.6,0.01859,1344.8,0.0186,5.3,0.0186,0.0186,0.01813,797.1,14.575268,2025-05-31 15:54:15.691,2025-06-01 15:54:15.691,78187,78191,5
CLVUSD4,0.0,0.0,0.0,0.0759,0.0,0.0,0.0,0.0,0.0,0.0,0.0,0.0,0.0,0.0,0.0,2025-02-12 09:54:21.827,2025-02-13 09:54:21.827,-1,-1,0
TUSDUSDT,0.0,0.0,0.0,0.999,0.0,0.0,0.0,0.0,0.0,0.0,0.0,0.0,0.0,0.0,0.0,2025-02-12 09:54:21.827,2025-02-13 09:54:21.827,-1,-1,0
TUSDUSD4,0.0,0.0,0.0,1.0004,0.0,0.0,0.0,0.0,0.0,0.0,0.0,0.0,0.0,0.0,0.0,2025-02-12 09:54:21.827,2025-02-13 09:54:21.827,-1,-1,0
QNTUSDT,-1.18,-1.078,108.76255728,109.0,108.31,0.059,108.61,5.247,110.3,0.03,109.49,110.78,105.81,3.23,351.30306,2025-05-31 16:35:54.863,2025-06-01 16:35:54.863,82909,82924,16
QNTUSD4,0.0,0.0,0.0,138.0,0.0,0.0,0.0,0.0,0.0,0.0,0.0,0.0,0.0,0.0,0.0,2025-02-12 09:54:21.827,2025-02-13 09:54:21.827,-1,-1,0
STGUSDT,0.0072,4.198,0.17199238,0.1789,0.1787,16.7,0.1725,8066.8,0.1798,68.0,0.1715,0.1787,0.1715,244.2,42.00054,2025-05-31 16:33:32.552,2025-06-01 16:33:32.552,28507,28508,2
STGUSD4,0.0,0.0,0.0,0.7365,0.0,0.0,0.0,0.0,0.0,0.0,0.0,0.0,0.0,0.0,0.0,2025-02-12 09:54:21.827,2025-02-13 09:54:21.827,-1,-1,0
AXLUSDT,0.006,1.929,0.31622249,0.308,0.317,552.3,0.323,84.6,0.327,1359.8,0.311,0.318,0.311,2512.0,794.3509,2025-05-31 16:36:57.062,2025-06-01 16:36:57.062,34031,34049,19
AXLUSD4,0.0,0.0,0.0,0.603,0.0,0.0,0.0,0.0,0.0,0.0,0.0,0.0,0.0,0.0,0.0,2025-02-12 09:54:21.827,2025-02-13 09:54:21.827,-1,-1,0
KAVAUSDT,-0.0005,-0.119,0.42912562,0.4194,0.4213,11.5,0.3945,1257.9,0.4213,1198.8,0.4218,0.4357,0.4065,462.1,198.29895,2025-05-31 16:35:59.193,2025-06-01 16:35:59.193,89386,89408,23
KAVAUSD4,0.0,0.0,0.0,0.967,0.0,0.0,0.0,0.0,0.0,0.0,0.0,0.0,0.0,0.0,0.0,2025-02-12 09:54:21.827,2025-02-13 09:54:21.827,-1,-1,0
APTUSDT,0.067,1.414,4.72311714,4.81,4.804,3.32,4.785,99.34,4.803,1.58,4.737,4.804,4.649,161.77,764.05866,2025-05-31 16:36:44.680,2025-06-01 16:36:44.680,149020,149059,40
APTUSD4,0.0,0.0,0.0,14.7068,0.0,0.0,0.0,0.0,0.0,0.0,0.0,0.0,0.0,0.0,0.0,2025-02-12 09:54:21.827,2025-02-13 09:54:21.827,-1,-1,0
MASKUSDT,0.868,42.717,2.3336556,2.007,2.9,8.4,2.763,12.3,2.9,157.4,2.032,2.9,1.895,10776.5,25148.6396,2025-05-31 16:36:56.040,2025-06-01 16:36:56.040,100118,100213,96
MASKUSD4,0.0,0.0,0.0,4.465,0.0,0.0,0.0,0.0,0.0,0.0,0.0,0.0,0.0,0.0,0.0,2025-02-12 09:54:21.827,2025-02-13 09:54:21.827,-1,-1,0
BOSONUSDT,0.0,0.0,0.124,0.1239,0.124,19.6,0.124,1562.1,0.1548,19.5,0.124,0.124,0.124,19.6,2.4304,2025-05-31 16:25:44.365,2025-06-01 16:25:44.365,102251,102251,1
BOSONUSD4,0.0,0.0,0.0,0.2539,0.0,0.0,0.0,0.0,0.0,0.0,0.0,0.0,0.0,0.0,0.0,2025-02-12 09:54:21.827,2025-02-13 09:54:21.827,-1,-1,0
PONDUSDT,-0.00097,-9.613,0.01050646,0.00957,0.00912,258.0,0.00911,394.0,0.00954,1525.0,0.01009,0.01287,0.00862,23585.0,247.79497,2025-05-31 16:35:01.635,2025-06-01 16:35:01.635,38513,38528,16
PONDUSD4,0.0,0.0,0.0,0.011,0.0,0.0,0.0,0.0,0.0,0.0,0.0,0.0,0.0,0.0,0.0,2025-02-12 09:54:21.827,2025-02-13 09:54:21.827,-1,-1,0
SOLUSDC,-1.84,-1.169,153.48819307,156.32,155.58,0.185,155.5,13.985,156.05,295.618,157.42,157.91,151.49,14.306,2195.80209,2025-05-31 16:37:02.463,2025-06-01 16:37:02.463,159884,159904,21
ADAUSDC,-0.003,-0.437,0.6837658,0.6867,0.6839,324.4,0.6813,13936.5,0.685,55.7,0.6869,0.6947,0.6583,16068.9,10987.36422,2025-05-31 16:37:03.385,2025-06-01 16:37:03.385,69728,69752,25
MXCUSDT,8e-05,3.941,0.00238391,0.00203,0.00211,2294.0,0.0,0.0,0.0,0.0,0.00203,0.0024,0.00203,512163.0,1220.95276,2025-03-10 03:19:59.931,2025-03-11 03:19:59.931,117862,117894,33
MXCUSD4,0.0,0.0,0.0,0.031,0.0,0.0,0.0,0.0,0.0,0.0,0.0,0.0,0.0,0.0,0.0,2025-02-12 09:54:21.827,2025-02-13 09:54:21.827,-1,-1,0
JAMUSDT,2.9e-05,22.481,0.00015311,0.000129,0.000158,171550.0,0.000157,1185017.0,0.000159,1208280.0,0.000129,0.000199,0.000127,116345813.0,17813.54704,2025-05-31 16:21:57.019,2025-06-01 16:21:57.019,346088,346635,548
JAMUSD4,0.0,0.0,0.0,0.003,0.0,0.0,0.0,0.0,0.0,0.0,0.0,0.0,0.0,0.0,0.0,2025-02-12 09:54:21.827,2025-02-13 09:54:21.827,-1,-1,0
TRACUSDT,0.0,0.0,0.0,0.4238,0.0,0.0,0.419,234.0,0.4333,115.0,0.0,0.0,0.0,0.0,0.0,2025-05-31 16:36:57.185,2025-06-01 16:36:57.185,-1,-1,0
PROMUSDT,0.0,0.0,5.404,5.472,5.404,60.22,5.394,211.43,5.707,84.47,5.404,5.404,5.404,60.22,325.42888,2025-05-31 14:35:51.233,2025-06-01 14:35:51.233,12516,12517,2
PROMUSD4,0.0,0.0,0.0,4.86,0.0,0.0,0.0,0.0,0.0,0.0,0.0,0.0,0.0,0.0,0.0,2025-02-12 09:54:21.827,2025-02-13 09:54:21.827,-1,-1,0
DIAUSDT,0.0,0.0,0.0,0.3832,0.0,0.0,0.4046,1188.7,0.424,158.0,0.0,0.0,0.0,0.0,0.0,2025-05-31 16:37:02.001,2025-06-01 16:37:02.001,-1,-1,0
DIAUSD4,0.0,0.0,0.0,0.423,0.0,0.0,0.0,0.0,0.0,0.0,0.0,0.0,0.0,0.0,0.0,2025-02-12 09:54:21.827,2025-02-13 09:54:21.827,-1,-1,0
BTCDAI,0.0,0.0,0.0,41987.26,0.0,0.0,0.0,0.0,0.0,0.0,0.0,0.0,0.0,0.0,0.0,2025-02-12 09:54:21.827,2025-02-13 09:54:21.827,-1,-1,0
ETHDAI,0.0,0.0,0.0,2630.84,0.0,0.0,0.0,0.0,0.0,0.0,0.0,0.0,0.0,0.0,0.0,2025-02-12 09:54:21.827,2025-02-13 09:54:21.827,-1,-1,0
ADAETH,5.5e-06,1.838,0.00030233,0.0003031,0.0003047,106.3,0.0,0.0,0.0,0.0,0.0002992,0.0003047,0.0002992,320.2,0.0968054,2025-05-22 01:28:34.755,2025-05-23 01:28:34.755,76892,76894,3
DOGEBTC,4e-08,1.835,2.18e-06,2.2e-06,2.22e-06,114.0,0.0,0.0,0.0,0.0,2.18e-06,2.28e-06,2.11e-06,137399.0,0.29941754,2025-05-22 01:28:40.933,2025-05-23 01:28:40.933,202160,202289,130
LOOMUSDT,-0.00038,-11.95,0.00303285,0.00318,0.0028,35500.0,0.00271,706710.0,0.0031,17283.0,0.00318,0.00329,0.00271,143975.0,436.65388,2025-05-31 13:56:19.531,2025-06-01 13:56:19.531,54999,55019,21
LOOMUSD4,0.0,0.0,0.0,0.0541,0.0,0.0,0.0,0.0,0.0,0.0,0.0,0.0,0.0,0.0,0.0,2025-02-12 09:54:21.827,2025-02-13 09:54:21.827,-1,-1,0
STMXUSDT,-1e-05,-0.439,0.0022703,0.002261,0.00227,113707.0,0.00227,21503.0,0.003449,4533.0,0.00228,0.00228,0.00227,117207.0,266.09489,2025-05-31 04:09:57.800,2025-06-01 04:09:57.800,32746,32750,5
BTCUSD,503.72,0.481,104574.29034619,104840.6,105280.72,0.0009,104644.26,0.15545,105280.73,8e-05,104777.0,105329.57,104000.0,0.54566,57062.0072703,2025-05-31 16:37:02.523,2025-06-01 16:37:02.523,88595863,88596001,139
ETHUSD,7.97,0.315,2524.77613009,2538.76,2537.92,0.8,2538.16,1.7223,2543.09,0.0084,2529.95,2542.12,2485.0,11.9137,30079.425381,2025-05-31 16:37:03.373,2025-06-01 16:37:03.373,50840119,50840199,81
BCHUSD,-21.9,-5.191,420.668,419.1,400.0,0.008,402.6,0.18,406.2,0.008,421.9,421.9,400.0,0.225,94.6503,2025-05-31 16:36:17.524,2025-06-01 16:36:17.524,3187642,3187646,5
LTCUSD,-0.17,-0.194,87.14368598,87.73,87.56,3.702,87.69,1.2,88.09,0.076,87.73,87.77,86.46,59.086,5148.97183,2025-05-31 16:36:26.924,2025-06-01 16:36:26.924,6960722,6960759,38
USDTUSD,-0.0033,-0.329,1.00140148,1.0002,1.0001,6.0,1.0002,983.0,1.0038,466.0,1.0034,1.0039,0.9998,271775.0,272155.8861,2025-05-31 16:34:31.200,2025-06-01 16:34:31.200,16749897,16752043,2147
BNBUSD,-7.8,-1.186,655.70632328,657.16,649.63,0.172,653.18,2.835,657.57,0.195,657.43,660.36,649.63,19.667,12895.77626,2025-05-31 16:37:02.995,2025-06-01 16:37:02.995,17736982,17737020,39
ADAUSD,-0.005,-0.728,0.66985528,0.6871,0.6821,74.4,0.6826,6434.0,0.685,3175.3,0.6871,0.6955,0.6569,52367.0,35078.31123,2025-05-31 16:37:03.587,2025-06-01 16:37:03.587,25668796,25668843,48
BATUSD,0.0,0.0,0.0,0.1805,0.0,0.0,0.0,0.0,0.0,0.0,0.0,0.0,0.0,0.0,0.0,2025-02-12 09:54:21.827,2025-02-13 09:54:21.827,-1,-1,0
ETCUSD,-0.04,-0.237,16.87096247,17.35,16.87,105.77,17.03,9.04,17.08,8.18,16.91,17.06,16.77,161.46,2723.9856,2025-05-31 16:37:01.892,2025-06-01 16:37:01.892,3277008,3277070,63
XLMUSD,-0.0038,-1.426,0.26430311,0.2666,0.2627,1436.0,0.2665,1670.0,0.2676,400.0,0.2665,0.2667,0.2627,3535.0,934.3115,2025-05-31 16:37:03.244,2025-06-01 16:37:03.244,5730792,5730803,12
ZRXUSD,0.0,0.0,0.0,0.2045,0.0,0.0,0.0,0.0,0.0,0.0,0.0,0.0,0.0,0.0,0.0,2025-02-12 09:54:21.827,2025-02-13 09:54:21.827,-1,-1,0
LINKUSD,-0.11,-0.782,13.98804931,13.97,13.96,7.16,14.03,12.78,14.07,62.84,14.07,14.16,13.77,100.99,1412.6531,2025-05-31 16:37:01.908,2025-06-01 16:37:01.908,8772745,8772759,15
RVNUSD,4e-05,0.372,0.01076373,0.01075,0.01078,314.0,0.01075,181030.9,0.01076,93.0,0.01074,0.01097,0.01037,253891.0,2732.81293,2025-05-31 16:36:27.368,2025-06-01 16:36:27.368,3830079,3830254,176
DASHUSD,0.0,0.0,0.0,35.99,0.0,0.0,0.0,0.0,0.0,0.0,0.0,0.0,0.0,0.0,0.0,2025-02-12 09:54:21.827,2025-02-13 09:54:21.827,-1,-1,0
ZECUSD,0.0,0.0,0.0,30.5,0.0,0.0,0.0,0.0,0.0,0.0,0.0,0.0,0.0,0.0,0.0,2025-02-12 09:54:21.827,2025-02-13 09:54:21.827,-1,-1,0
ALGOUSD,-0.0041,-2.091,0.19409039,0.1898,0.192,213.0,0.1967,9705.0,0.1977,896.0,0.1961,0.1961,0.192,1509.0,292.8824,2025-05-31 16:37:01.707,2025-06-01 16:37:01.707,8249076,8249109,34
IOTAUSD,-0.0001,-0.055,0.18068244,0.1829,0.1813,9.0,0.1826,3305.0,0.1845,560.0,0.1814,0.183,0.1775,8356.0,1509.7825,2025-05-31 16:37:01.893,2025-06-01 16:37:01.893,3450252,3450263,12
BUSDUSD,0.0,0.0,0.0,0.9997,0.0,0.0,0.0,0.0,0.0,0.0,0.0,0.0,0.0,0.0,0.0,2025-02-12 09:54:21.827,2025-02-13 09:54:21.827,-1,-1,0
WAVESUSD,0.0,0.0,0.0,2.077,0.0,0.0,0.0,0.0,0.0,0.0,0.0,0.0,0.0,0.0,0.0,2025-02-12 09:54:21.827,2025-02-13 09:54:21.827,-1,-1,0
ATOMUSD,-0.013,-0.3,4.3390683,4.305,4.315,0.62,4.345,409.5,4.362,19.48,4.328,4.365,4.291,279.66,1213.46384,2025-05-31 16:37:02.359,2025-06-01 16:37:02.359,9328704,9328755,52
NEOUSD,0.0,0.0,0.0,8.639,0.0,0.0,0.0,0.0,0.0,0.0,0.0,0.0,0.0,0.0,0.0,2025-02-12 09:54:21.827,2025-02-13 09:54:21.827,-1,-1,0
QTUMUSD,0.0,0.0,0.0,2.276,0.0,0.0,0.0,0.0,0.0,0.0,0.0,0.0,0.0,0.0,0.0,2025-02-12 09:54:21.827,2025-02-13 09:54:21.827,-1,-1,0
ICXUSD,0.0,0.0,0.0,0.2101,0.0,0.0,0.0,0.0,0.0,0.0,0.0,0.0,0.0,0.0,0.0,2025-02-12 09:54:21.827,2025-02-13 09:54:21.827,-1,-1,0
ENJUSD,0.0,0.0,0.0,0.2842,0.0,0.0,0.0,0.0,0.0,0.0,0.0,0.0,0.0,0.0,0.0,2025-02-12 09:54:21.827,2025-02-13 09:54:21.827,-1,-1,0
ONTUSD,0.0,0.0,0.0,0.1867,0.0,0.0,0.0,0.0,0.0,0.0,0.0,0.0,0.0,0.0,0.0,2025-02-12 09:54:21.827,2025-02-13 09:54:21.827,-1,-1,0
ZILUSD,0.00018,1.604,0.0112236,0.01124,0.0114,2624.2,0.01137,15736.9,0.01142,28225.7,0.01122,0.0114,0.01116,640468.8,7188.368189,2025-05-31 16:36:21.746,2025-06-01 16:36:21.746,4427319,4427390,72
VETUSD,-0.00011,-0.456,0.02423504,0.02417,0.024,6590.6,0.02425,210132.1,0.02683,104943.6,0.02411,0.02444,0.024,259721.2,6294.353912,2025-05-31 16:37:02.515,2025-06-01 16:37:02.515,13629949,13629995,47
XTZUSD,0.0,0.0,0.0,0.769,0.0,0.0,0.0,0.0,0.0,0.0,0.0,0.0,0.0,0.0,0.0,2025-02-12 09:54:21.827,2025-02-13 09:54:21.827,-1,-1,0
HBARUSD,0.00536,3.189,0.16793415,0.17025,0.17346,788.0,0.1683,46115.0,0.17979,17229.0,0.1681,0.17346,0.16641,12768.0,2144.18326,2025-05-31 16:37:01.049,2025-06-01 16:37:01.049,7396686,7396702,17
OMGUSD,0.0,0.0,0.0,0.68,0.0,0.0,0.0,0.0,0.0,0.0,0.0,0.0,0.0,0.0,0.0,2025-02-12 09:54:21.827,2025-02-13 09:54:21.827,-1,-1,0
MATICUSD,0.0,0.0,0.0,0.6867,0.0,0.0,0.0,0.0,0.0,0.0,0.0,0.0,0.0,0.0,0.0,2025-02-12 09:54:21.827,2025-02-13 09:54:21.827,-1,-1,0
EOSUSD,0.0,0.0,0.0,0.68,0.0,0.0,0.0,0.0,0.0,0.0,0.0,0.0,0.0,0.0,0.0,2025-02-12 09:54:21.827,2025-02-13 09:54:21.827,-1,-1,0
DOGEUSD,-0.0003,-0.156,0.18996684,0.19352,0.19192,3611.0,0.19333,1300.0,0.19414,2993.0,0.19222,0.195,0.18849,73671.0,13995.04672,2025-05-31 16:37:03.108,2025-06-01 16:37:03.108,24110006,24110030,25
KNCUSD,0.0,0.0,0.0,0.557,0.0,0.0,0.0,0.0,0.0,0.0,0.0,0.0,0.0,0.0,0.0,2025-02-12 09:54:21.827,2025-02-13 09:54:21.827,-1,-1,0
VTHOUSD,-3.5e-05,-1.634,0.00214328,0.00212,0.002107,24348.0,0.002158,63057.0,0.002165,107890.0,0.002142,0.002156,0.002107,407700.0,873.814766,2025-05-31 16:37:03.227,2025-06-01 16:37:03.227,5359347,5359359,13
USDCUSD,0.0,0.0,1.00096827,1.001,1.001,815.0,0.9956,983.0,1.001,18708.0,1.001,1.001,0.9987,24423.0,24446.6481,2025-05-31 16:36:57.443,2025-06-01 16:36:57.443,1380961,1381022,62
COMPUSD,0.0,0.0,0.0,37.64,0.0,0.0,0.0,0.0,0.0,0.0,0.0,0.0,0.0,0.0,0.0,2025-02-12 09:54:21.827,2025-02-13 09:54:21.827,-1,-1,0
MANAUSD,-0.0012,-0.44,0.27222293,0.2733,0.2718,137.0,0.2744,661.0,0.2753,479.0,0.273,0.273,0.2717,1535.0,417.8622,2025-05-31 16:37:01.682,2025-06-01 16:37:01.682,12743698,12743707,10
HNTUSD,0.0,0.0,0.0,1.28,0.0,0.0,0.0,0.0,0.0,0.0,0.0,0.0,0.0,0.0,0.0,2025-02-12 09:54:21.827,2025-02-13 09:54:21.827,-1,-1,0
MKRUSD,0.0,0.0,0.0,682.0,0.0,0.0,0.0,0.0,0.0,0.0,0.0,0.0,0.0,0.0,0.0,2025-02-12 09:54:21.827,2025-02-13 09:54:21.827,-1,-1,0
DAIUSD,0.0,0.0,0.0,0.985,0.0,0.0,0.0,0.0,0.0,0.0,0.0,0.0,0.0,0.0,0.0,2025-02-12 09:54:21.827,2025-02-13 09:54:21.827,-1,-1,0
ONEUSD,0.00015,1.254,0.01181664,0.01195,0.01211,9510.3,0.01209,19359.1,0.01214,309616.1,0.01196,0.01211,0.01166,2536382.9,29971.525735,2025-05-31 16:36:58.335,2025-06-01 16:36:58.335,13442403,13442467,65
BANDUSD,0.0,0.0,0.0,1.229,0.0,0.0,0.0,0.0,0.0,0.0,0.0,0.0,0.0,0.0,0.0,2025-02-12 09:54:21.827,2025-02-13 09:54:21.827,-1,-1,0
STORJUSD,0.0,0.0,0.0,0.2599,0.0,0.0,0.0,0.0,0.0,0.0,0.0,0.0,0.0,0.0,0.0,2025-02-12 09:54:21.827,2025-02-13 09:54:21.827,-1,-1,0
UNIUSD,-0.259,-4.211,6.10098256,6.09,5.892,4.16,6.263,26.32,6.281,85.04,6.151,6.151,5.892,87.14,531.63962,2025-05-31 16:37:01.852,2025-06-01 16:37:01.852,3113572,3113580,9
SOLUSD,-1.84,-1.176,155.7119377,156.04,154.61,0.518,155.42,16.734,156.3,10.087,156.45,157.73,151.14,75.667,11782.25519,2025-05-31 16:37:04.154,2025-06-01 16:37:04.154,24058651,24058697,47
EGLDUSD,0.0,0.0,0.0,32.47,0.0,0.0,0.0,0.0,0.0,0.0,0.0,0.0,0.0,0.0,0.0,2025-02-12 09:54:21.827,2025-02-13 09:54:21.827,-1,-1,0
PAXGUSD,0.0,0.0,0.0,1846.0,0.0,0.0,0.0,0.0,0.0,0.0,0.0,0.0,0.0,0.0,0.0,2025-02-12 09:54:21.827,2025-02-13 09:54:21.827,-1,-1,0
OXTUSD,0.0,0.0,0.0,0.0498,0.0,0.0,0.0,0.0,0.0,0.0,0.0,0.0,0.0,0.0,0.0,2025-02-12 09:54:21.827,2025-02-13 09:54:21.827,-1,-1,0
ZENUSD,0.0,0.0,0.0,6.95,0.0,0.0,0.0,0.0,0.0,0.0,0.0,0.0,0.0,0.0,0.0,2025-02-12 09:54:21.827,2025-02-13 09:54:21.827,-1,-1,0
FILUSD,0.0,0.0,0.0,2.552,0.0,0.0,2.576,46.43,2.585,388.89,0.0,0.0,0.0,0.0,0.0,2025-05-31 16:37:01.985,2025-06-01 16:37:01.985,-1,-1,0
AAVEUSD,-8.17,-3.292,245.57760563,248.1,240.0,0.625,251.58,1.841,252.04,8.916,248.17,248.17,238.05,6.319,1551.80489,2025-05-31 16:37:02.010,2025-06-01 16:37:02.010,1051697,1051712,16
GRTUSD,-0.0008,-0.836,0.09461567,0.0952,0.0949,41.0,0.0958,19334.0,0.0963,1715.0,0.0957,0.096,0.0945,43237.0,4090.8979,2025-05-31 16:37:01.967,2025-06-01 16:37:01.967,1720711,1720722,12
SUSHIUSD,0.016,2.54,0.63174461,0.633,0.646,9.3,0.654,203.4,0.656,203.1,0.63,0.646,0.63,180.9,114.2826,2025-05-31 16:37:03.864,2025-06-01 16:37:03.864,3074585,3074588,4
ANKRUSD,0.0,0.0,0.0,0.02303,0.0,0.0,0.0,0.0,0.0,0.0,0.0,0.0,0.0,0.0,0.0,2025-02-12 09:54:21.827,2025-02-13 09:54:21.827,-1,-1,0
CRVUSD,0.0122,1.832,0.66930868,0.6717,0.678,78.2,0.6746,1573.1,0.6779,245.6,0.6658,0.678,0.6579,745.2,498.76883,2025-05-31 16:36:59.962,2025-06-01 16:36:59.962,2092829,2092836,8
AXSUSD,0.0,0.0,0.0,5.98,0.0,0.0,0.0,0.0,0.0,0.0,0.0,0.0,0.0,0.0,0.0,2025-02-12 09:54:21.827,2025-02-13 09:54:21.827,-1,-1,0
AVAXUSD,-0.21,-1.014,20.70166568,20.9,20.49,1.0,20.81,0.2,21.5,0.65,20.7,20.83,20.34,67.36,1394.4642,2025-05-31 16:37:04.143,2025-06-01 16:37:04.143,4279220,4279243,24
CTSIUSD,0.0,0.0,0.0,0.1442,0.0,0.0,0.0,0.0,0.0,0.0,0.0,0.0,0.0,0.0,0.0,2025-02-12 09:54:21.827,2025-02-13 09:54:21.827,-1,-1,0
DOTUSD,-0.097,-2.367,4.06398323,4.097,4.001,0.64,4.067,42.77,4.078,403.17,4.098,4.098,4.001,133.55,542.74496,2025-05-31 16:37:01.771,2025-06-01 16:37:01.771,1420356,1420379,24
YFIUSD,0.0,0.0,0.0,6235.0,0.0,0.0,0.0,0.0,0.0,0.0,0.0,0.0,0.0,0.0,0.0,2025-02-12 09:54:21.827,2025-02-13 09:54:21.827,-1,-1,0
1INCHUSD,0.0,0.0,0.0,0.315,0.0,0.0,0.0,0.0,0.0,0.0,0.0,0.0,0.0,0.0,0.0,2025-02-12 09:54:21.827,2025-02-13 09:54:21.827,-1,-1,0
FTMUSD,0.0,0.0,0.0,0.2948,0.0,0.0,0.0,0.0,0.0,0.0,0.0,0.0,0.0,0.0,0.0,2025-02-12 09:54:21.827,2025-02-13 09:54:21.827,-1,-1,0
NEARUSD,0.014,0.575,2.4382535,2.449,2.449,1.0,2.448,307.3,2.449,0.2,2.435,2.449,2.362,1491.5,3636.6551,2025-05-31 16:36:10.813,2025-06-01 16:36:10.813,1070032,1070044,13
LRCUSD,0.0,0.0,0.0,0.2241,0.0,0.0,0.0,0.0,0.0,0.0,0.0,0.0,0.0,0.0,0.0,2025-02-12 09:54:21.827,2025-02-13 09:54:21.827,-1,-1,0
KSHIBUSD,0.0,0.0,0.0,0.0135,0.0,0.0,0.0,0.0,0.0,0.0,0.0,0.0,0.0,0.0,0.0,2025-02-12 09:54:21.827,2025-02-13 09:54:21.827,-1,-1,0
LPTUSD,0.079,0.894,9.15267308,8.8,8.917,5.0,8.952,75.27,8.983,4.57,8.838,9.898,8.7,441.12,4037.42715,2025-05-31 16:37:03.892,2025-06-01 16:37:03.892,113380,113525,146
NMRUSD,0.0,0.0,0.0,12.68,0.0,0.0,0.0,0.0,0.0,0.0,0.0,0.0,0.0,0.0,0.0,2025-02-12 09:54:21.827,2025-02-13 09:54:21.827,-1,-1,0
SLPUSD,0.0,0.0,0.0,0.00173,0.0,0.0,0.0,0.0,0.0,0.0,0.0,0.0,0.0,0.0,0.0,2025-02-12 09:54:21.827,2025-02-13 09:54:21.827,-1,-1,0
ANTUSD,0.0,0.0,0.0,3.896,0.0,0.0,0.0,0.0,0.0,0.0,0.0,0.0,0.0,0.0,0.0,2025-02-12 09:54:21.827,2025-02-13 09:54:21.827,-1,-1,0
XNOUSD,0.0,0.0,0.0,0.67,0.0,0.0,0.0,0.0,0.0,0.0,0.0,0.0,0.0,0.0,0.0,2025-02-12 09:54:21.827,2025-02-13 09:54:21.827,-1,-1,0
CHZUSD,0.0,0.0,0.0,0.0738,0.0,0.0,0.0,0.0,0.0,0.0,0.0,0.0,0.0,0.0,0.0,2025-02-12 09:54:21.827,2025-02-13 09:54:21.827,-1,-1,0
OGNUSD,0.0,0.0,0.0,0.0783,0.0,0.0,0.0,0.0,0.0,0.0,0.0,0.0,0.0,0.0,0.0,2025-02-12 09:54:21.827,2025-02-13 09:54:21.827,-1,-1,0
GALAUSD,0.00012,0.724,0.0166067,0.01647,0.0167,10568.0,0.01689,8140.0,0.01695,226524.0,0.01658,0.01679,0.01646,276603.0,4593.46325,2025-05-31 16:37:01.790,2025-06-01 16:37:01.790,1086648,1086686,39
TLMUSD,0.0,0.0,0.0,0.0125,0.0,0.0,0.0,0.0,0.0,0.0,0.0,0.0,0.0,0.0,0.0,2025-02-12 09:54:21.827,2025-02-13 09:54:21.827,-1,-1,0
SNXUSD,0.0,0.0,0.0,2.082,0.0,0.0,0.0,0.0,0.0,0.0,0.0,0.0,0.0,0.0,0.0,2025-02-12 09:54:21.827,2025-02-13 09:54:21.827,-1,-1,0
AUDIOUSD,0.0,0.0,0.0,0.1893,0.0,0.0,0.0,0.0,0.0,0.0,0.0,0.0,0.0,0.0,0.0,2025-02-12 09:54:21.827,2025-02-13 09:54:21.827,-1,-1,0
REQUSD,0.0,0.0,0.0,0.0802,0.0,0.0,0.0,0.0,0.0,0.0,0.0,0.0,0.0,0.0,0.0,2025-02-12 09:54:21.827,2025-02-13 09:54:21.827,-1,-1,0
APEUSD,0.0,0.0,0.0,2.267,0.0,0.0,0.0,0.0,0.0,0.0,0.0,0.0,0.0,0.0,0.0,2025-02-12 09:54:21.827,2025-02-13 09:54:21.827,-1,-1,0
FLUXUSD,0.0,0.0,0.0,0.452,0.0,0.0,0.0,0.0,0.0,0.0,0.0,0.0,0.0,0.0,0.0,2025-02-12 09:54:21.827,2025-02-13 09:54:21.827,-1,-1,0
TRXUSD,0.0,0.0,0.0,0.06689,0.0,0.0,0.0,0.0,0.0,0.0,0.0,0.0,0.0,0.0,0.0,2025-02-12 09:54:21.827,2025-02-13 09:54:21.827,-1,-1,0
COTIUSD,0.0,0.0,0.0,0.046,0.0,0.0,0.0,0.0,0.0,0.0,0.0,0.0,0.0,0.0,0.0,2025-02-12 09:54:21.827,2025-02-13 09:54:21.827,-1,-1,0
VOXELUSD,0.0,0.0,0.0,0.1457,0.0,0.0,0.0,0.0,0.0,0.0,0.0,0.0,0.0,0.0,0.0,2025-02-12 09:54:21.827,2025-02-13 09:54:21.827,-1,-1,0
RLCUSD,0.0,0.0,0.0,1.311,0.0,0.0,0.0,0.0,0.0,0.0,0.0,0.0,0.0,0.0,0.0,2025-02-12 09:54:21.827,2025-02-13 09:54:21.827,-1,-1,0
BICOUSD,0.0,0.0,0.0,0.212,0.0,0.0,0.0,0.0,0.0,0.0,0.0,0.0,0.0,0.0,0.0,2025-02-12 09:54:21.827,2025-02-13 09:54:21.827,-1,-1,0
API3USD,0.0,0.0,0.0,1.133,0.0,0.0,0.0,0.0,0.0,0.0,0.0,0.0,0.0,0.0,0.0,2025-02-12 09:54:21.827,2025-02-13 09:54:21.827,-1,-1,0
ENSUSD,-0.13,-0.634,20.41401408,20.85,20.36,0.83,20.94,6.01,21.0,88.41,20.49,20.49,20.36,1.42,28.9879,2025-05-31 16:37:04.138,2025-06-01 16:37:04.138,185739,185740,2
BNTUSD,0.0,0.0,0.0,0.331,0.0,0.0,0.0,0.0,0.0,0.0,0.0,0.0,0.0,0.0,0.0,2025-02-12 09:54:21.827,2025-02-13 09:54:21.827,-1,-1,0
IMXUSD,0.0,0.0,0.0,0.727,0.0,0.0,0.0,0.0,0.0,0.0,0.0,0.0,0.0,0.0,0.0,2025-02-12 09:54:21.827,2025-02-13 09:54:21.827,-1,-1,0
SPELLUSD,0.0,0.0,0.0,0.0007725,0.0,0.0,0.0,0.0,0.0,0.0,0.0,0.0,0.0,0.0,0.0,2025-02-12 09:54:21.827,2025-02-13 09:54:21.827,-1,-1,0
JASMYUSD,0.0,0.0,0.0,0.004978,0.0,0.0,0.0,0.0,0.0,0.0,0.0,0.0,0.0,0.0,0.0,2025-02-12 09:54:21.827,2025-02-13 09:54:21.827,-1,-1,0
FLOWUSD,0.0,0.0,0.0,0.486,0.0,0.0,0.0,0.0,0.0,0.0,0.0,0.0,0.0,0.0,0.0,2025-02-12 09:54:21.827,2025-02-13 09:54:21.827,-1,-1,0
GTCUSD,0.0,0.0,0.0,0.996,0.0,0.0,0.0,0.0,0.0,0.0,0.0,0.0,0.0,0.0,0.0,2025-02-12 09:54:21.827,2025-02-13 09:54:21.827,-1,-1,0
THETAUSD,-0.018,-2.372,0.75594953,0.76,0.741,19.2,0.761,5925.7,0.765,9.4,0.759,0.771,0.741,8313.2,6284.3596,2025-05-31 16:36:38.255,2025-06-01 16:36:38.255,175713,175749,37
TFUELUSD,0.0,0.0,0.0,0.0365,0.0,0.0,0.0,0.0,0.0,0.0,0.0,0.0,0.0,0.0,0.0,2025-02-12 09:54:21.827,2025-02-13 09:54:21.827,-1,-1,0
OCEANUSD,0.0,0.0,0.0,0.3257,0.0,0.0,0.0,0.0,0.0,0.0,0.0,0.0,0.0,0.0,0.0,2025-02-12 09:54:21.827,2025-02-13 09:54:21.827,-1,-1,0
LAZIOUSD,0.0,0.0,0.0,1.8901,0.0,0.0,0.0,0.0,0.0,0.0,0.0,0.0,0.0,0.0,0.0,2025-02-12 09:54:21.827,2025-02-13 09:54:21.827,-1,-1,0
SANTOSUSD,0.0,0.0,0.0,3.1,0.0,0.0,0.0,0.0,0.0,0.0,0.0,0.0,0.0,0.0,0.0,2025-02-12 09:54:21.827,2025-02-13 09:54:21.827,-1,-1,0
ALPINEUSD,0.0,0.0,0.0,2.5,0.0,0.0,0.0,0.0,0.0,0.0,0.0,0.0,0.0,0.0,0.0,2025-02-12 09:54:21.827,2025-02-13 09:54:21.827,-1,-1,0
PORTOUSD,0.0,0.0,0.0,1.7429,0.0,0.0,0.0,0.0,0.0,0.0,0.0,0.0,0.0,0.0,0.0,2025-02-12 09:54:21.827,2025-02-13 09:54:21.827,-1,-1,0
RENUSD,0.0,0.0,0.0,0.060299,0.0,0.0,0.0,0.0,0.0,0.0,0.0,0.0,0.0,0.0,0.0,2025-02-12 09:54:21.827,2025-02-13 09:54:21.827,-1,-1,0
CELRUSD,0.0,0.0,0.0,0.01625,0.0,0.0,0.0,0.0,0.0,0.0,0.0,0.0,0.0,0.0,0.0,2025-02-12 09:54:21.827,2025-02-13 09:54:21.827,-1,-1,0
SKLUSD,0.0,0.0,0.0,0.02759,0.0,0.0,0.0,0.0,0.0,0.0,0.0,0.0,0.0,0.0,0.0,2025-02-12 09:54:21.827,2025-02-13 09:54:21.827,-1,-1,0
VITEUSD,0.0,0.0,0.0,0.0128,0.0,0.0,0.0,0.0,0.0,0.0,0.0,0.0,0.0,0.0,0.0,2025-02-12 09:54:21.827,2025-02-13 09:54:21.827,-1,-1,0
WAXPUSD,0.0,0.0,0.0,0.0469,0.0,0.0,0.0,0.0,0.0,0.0,0.0,0.0,0.0,0.0,0.0,2025-02-12 09:54:21.827,2025-02-13 09:54:21.827,-1,-1,0
LTOUSD,0.0,0.0,0.0,0.0595,0.0,0.0,0.0,0.0,0.0,0.0,0.0,0.0,0.0,0.0,0.0,2025-02-12 09:54:21.827,2025-02-13 09:54:21.827,-1,-1,0
FETUSD,0.002,0.264,0.75909826,0.744,0.761,16.1,0.767,1355.0,0.771,197.5,0.759,0.761,0.759,327.7,248.7565,2025-05-31 16:37:04.080,2025-06-01 16:37:04.080,486975,486976,2
BONDUSD,0.0,0.0,0.0,3.235,0.0,0.0,0.0,0.0,0.0,0.0,0.0,0.0,0.0,0.0,0.0,2025-02-12 09:54:21.827,2025-02-13 09:54:21.827,-1,-1,0
LOKAUSD,0.0,0.0,0.0,0.1802,0.0,0.0,0.0,0.0,0.0,0.0,0.0,0.0,0.0,0.0,0.0,2025-02-12 09:54:21.827,2025-02-13 09:54:21.827,-1,-1,0
ICPUSD,-0.05,-1.018,4.89283662,4.879,4.861,8.3,4.973,28.28,4.984,636.82,4.911,4.911,4.861,27.42,134.16158,2025-05-31 16:37:03.735,2025-06-01 16:37:03.735,127859,127861,3
TUSD,0.0,0.0,0.0,0.0222,0.0,0.0,0.0,0.0,0.0,0.0,0.0,0.0,0.0,0.0,0.0,2025-02-12 09:54:21.827,2025-02-13 09:54:21.827,-1,-1,0
OPUSD,-0.002,-0.303,0.65779701,0.632,0.657,51.56,0.652,2323.54,0.655,2359.7,0.659,0.659,0.657,85.72,56.38636,2025-05-31 16:37:02.107,2025-06-01 16:37:02.107,416563,416566,4
ROSEUSD,0.0,0.0,0.0,0.04816,0.0,0.0,0.0,0.0,0.0,0.0,0.0,0.0,0.0,0.0,0.0,2025-02-12 09:54:21.827,2025-02-13 09:54:21.827,-1,-1,0
CELOUSD,0.0,0.0,0.0,0.52,0.0,0.0,0.0,0.0,0.0,0.0,0.0,0.0,0.0,0.0,0.0,2025-02-12 09:54:21.827,2025-02-13 09:54:21.827,-1,-1,0
KDAUSD,-0.0158,-3.398,0.46434198,0.456,0.4492,8.24,0.4656,245.05,0.4672,48.06,0.465,0.467,0.4492,2077.7,964.76333,2025-05-31 16:37:03.781,2025-06-01 16:37:03.781,163256,163288,33
KSMUSD,0.0,0.0,0.0,22.82,0.0,0.0,0.0,0.0,0.0,0.0,0.0,0.0,0.0,0.0,0.0,2025-02-12 09:54:21.827,2025-02-13 09:54:21.827,-1,-1,0
ACHUSD,0.0,0.0,0.0,0.02128,0.0,0.0,0.0,0.0,0.0,0.0,0.0,0.0,0.0,0.0,0.0,2025-02-12 09:54:21.827,2025-02-13 09:54:21.827,-1,-1,0
DARUSD,0.0,0.0,0.0,0.1,0.0,0.0,0.0,0.0,0.0,0.0,0.0,0.0,0.0,0.0,0.0,2025-02-12 09:54:21.827,2025-02-13 09:54:21.827,-1,-1,0
RNDRUSD,0.0,0.0,0.0,2.018,0.0,0.0,0.0,0.0,0.0,0.0,0.0,0.0,0.0,0.0,0.0,2025-02-12 09:54:21.827,2025-02-13 09:54:21.827,-1,-1,0
SYSUSD,0.0,0.0,0.0,0.1304,0.0,0.0,0.0,0.0,0.0,0.0,0.0,0.0,0.0,0.0,0.0,2025-02-12 09:54:21.827,2025-02-13 09:54:21.827,-1,-1,0
RADUSD,0.0,0.0,0.0,1.63,0.0,0.0,0.0,0.0,0.0,0.0,0.0,0.0,0.0,0.0,0.0,2025-02-12 09:54:21.827,2025-02-13 09:54:21.827,-1,-1,0
ILVUSD,0.0,0.0,0.0,40.5,0.0,0.0,0.0,0.0,0.0,0.0,0.0,0.0,0.0,0.0,0.0,2025-02-12 09:54:21.827,2025-02-13 09:54:21.827,-1,-1,0
LDOUSD,0.0,0.0,0.0,1.842,0.0,0.0,0.0,0.0,0.0,0.0,0.0,0.0,0.0,0.0,0.0,2025-02-12 09:54:21.827,2025-02-13 09:54:21.827,-1,-1,0
RAREUSD,0.0,0.0,0.0,0.0663,0.0,0.0,0.0,0.0,0.0,0.0,0.0,0.0,0.0,0.0,0.0,2025-02-12 09:54:21.827,2025-02-13 09:54:21.827,-1,-1,0
LSKUSD,0.0,0.0,0.0,0.678,0.0,0.0,0.0,0.0,0.0,0.0,0.0,0.0,0.0,0.0,0.0,2025-02-12 09:54:21.827,2025-02-13 09:54:21.827,-1,-1,0
DGBUSD,-0.00037,-3.966,0.00908969,0.0091,0.00896,7449.1,0.00907,21076.0,0.00912,2914.8,0.00933,0.00933,0.00896,70767.5,643.254315,2025-05-31 16:37:01.940,2025-06-01 16:37:01.940,48260,48279,20
REEFUSD,0.0,0.0,0.0,0.0015,0.0,0.0,0.0,0.0,0.0,0.0,0.0,0.0,0.0,0.0,0.0,2025-02-12 09:54:21.827,2025-02-13 09:54:21.827,-1,-1,0
ALICEUSD,0.0,0.0,0.0,0.9,0.0,0.0,0.0,0.0,0.0,0.0,0.0,0.0,0.0,0.0,0.0,2025-02-12 09:54:21.827,2025-02-13 09:54:21.827,-1,-1,0
FORTHUSD,0.0,0.0,0.0,2.225,0.0,0.0,0.0,0.0,0.0,0.0,0.0,0.0,0.0,0.0,0.0,2025-02-12 09:54:21.827,2025-02-13 09:54:21.827,-1,-1,0
ASTRUSD,0.0,0.0,0.0,0.0448,0.0,0.0,0.0,0.0,0.0,0.0,0.0,0.0,0.0,0.0,0.0,2025-02-12 09:54:21.827,2025-02-13 09:54:21.827,-1,-1,0
BTRSTUSD,0.0,0.0,0.0,0.509,0.0,0.0,0.0,0.0,0.0,0.0,0.0,0.0,0.0,0.0,0.0,2025-02-12 09:54:21.827,2025-02-13 09:54:21.827,-1,-1,0
GALUSD,0.0,0.0,0.0,1.26,0.0,0.0,0.0,0.0,0.0,0.0,0.0,0.0,0.0,0.0,0.0,2025-02-12 09:54:21.827,2025-02-13 09:54:21.827,-1,-1,0
SANDUSD,-0.0047,-1.732,0.2693593,0.2707,0.2666,35.0,0.2741,1486.0,0.276,456.0,0.2713,0.2728,0.2666,1285.0,346.1267,2025-05-31 16:37:03.329,2025-06-01 16:37:03.329,88684,88704,21
BALUSD,0.0,0.0,0.0,4.859,0.0,0.0,0.0,0.0,0.0,0.0,0.0,0.0,0.0,0.0,0.0,2025-02-12 09:54:21.827,2025-02-13 09:54:21.827,-1,-1,0
POLYXUSD,0.0,0.0,0.0,0.1,0.0,0.0,0.0,0.0,0.0,0.0,0.0,0.0,0.0,0.0,0.0,2025-02-12 09:54:21.827,2025-02-13 09:54:21.827,-1,-1,0
GLMUSD,0.0,0.0,0.0,0.1846,0.0,0.0,0.0,0.0,0.0,0.0,0.0,0.0,0.0,0.0,0.0,2025-02-12 09:54:21.827,2025-02-13 09:54:21.827,-1,-1,0
CLVUSD,0.0,0.0,0.0,0.048,0.0,0.0,0.0,0.0,0.0,0.0,0.0,0.0,0.0,0.0,0.0,2025-02-12 09:54:21.827,2025-02-13 09:54:21.827,-1,-1,0
TUSDUSD,0.0,0.0,0.0,1.025,0.0,0.0,0.0,0.0,0.0,0.0,0.0,0.0,0.0,0.0,0.0,2025-02-12 09:54:21.827,2025-02-13 09:54:21.827,-1,-1,0
QNTUSD,0.0,0.0,0.0,104.0,0.0,0.0,0.0,0.0,0.0,0.0,0.0,0.0,0.0,0.0,0.0,2025-02-12 09:54:21.827,2025-02-13 09:54:21.827,-1,-1,0
STGUSD,0.0,0.0,0.0,0.6027,0.0,0.0,0.0,0.0,0.0,0.0,0.0,0.0,0.0,0.0,0.0,2025-02-12 09:54:21.827,2025-02-13 09:54:21.827,-1,-1,0
AXLUSD,0.0,0.0,0.0,0.399,0.0,0.0,0.0,0.0,0.0,0.0,0.0,0.0,0.0,0.0,0.0,2025-02-12 09:54:21.827,2025-02-13 09:54:21.827,-1,-1,0
KAVAUSD,0.0,0.0,0.0,0.97,0.0,0.0,0.0,0.0,0.0,0.0,0.0,0.0,0.0,0.0,0.0,2025-02-12 09:54:21.827,2025-02-13 09:54:21.827,-1,-1,0
APTUSD,0.0,0.0,4.786,4.753,4.786,2.29,4.796,31.28,4.821,4.0,4.786,4.786,4.786,2.29,10.95994,2025-05-31 16:37:01.933,2025-06-01 16:37:01.933,168491,168491,1
MASKUSD,0.0,0.0,0.0,3.344,0.0,0.0,0.0,0.0,0.0,0.0,0.0,0.0,0.0,0.0,0.0,2025-02-12 09:54:21.827,2025-02-13 09:54:21.827,-1,-1,0
BOSONUSD,0.0,0.0,0.0,0.1672,0.0,0.0,0.0,0.0,0.0,0.0,0.0,0.0,0.0,0.0,0.0,2025-02-12 09:54:21.827,2025-02-13 09:54:21.827,-1,-1,0
PONDUSD,0.0,0.0,0.0,0.00729,0.0,0.0,0.0,0.0,0.0,0.0,0.0,0.0,0.0,0.0,0.0,2025-02-12 09:54:21.827,2025-02-13 09:54:21.827,-1,-1,0
MXCUSD,0.0,0.0,0.0,0.01209,0.0,0.0,0.0,0.0,0.0,0.0,0.0,0.0,0.0,0.0,0.0,2025-02-12 09:54:21.827,2025-02-13 09:54:21.827,-1,-1,0
JAMUSD,0.0,0.0,0.0,0.001003,0.0,0.0,0.0,0.0,0.0,0.0,0.0,0.0,0.0,0.0,0.0,2025-02-12 09:54:21.827,2025-02-13 09:54:21.827,-1,-1,0
PROMUSD,0.0,0.0,0.0,4.02,0.0,0.0,0.0,0.0,0.0,0.0,0.0,0.0,0.0,0.0,0.0,2025-02-12 09:54:21.827,2025-02-13 09:54:21.827,-1,-1,0
DIAUSD,0.0,0.0,0.0,0.25,0.0,0.0,0.0,0.0,0.0,0.0,0.0,0.0,0.0,0.0,0.0,2025-02-12 09:54:21.827,2025-02-13 09:54:21.827,-1,-1,0
LOOMUSD,0.0,0.0,0.0,0.03505,0.0,0.0,0.0,0.0,0.0,0.0,0.0,0.0,0.0,0.0,0.0,2025-02-12 09:54:21.827,2025-02-13 09:54:21.827,-1,-1,0
STMXUSD,0.0,0.0,0.0,0.003101,0.0,0.0,0.0,0.0,0.0,0.0,0.0,0.0,0.0,0.0,0.0,2025-02-12 09:54:21.827,2025-02-13 09:54:21.827,-1,-1,0
SHIBUSD,-2e-08,-0.156,1.274e-05,1.266e-05,1.28e-05,423936793.0,1.298e-05,3669724.0,1.303e-05,83387924.0,1.282e-05,1.284e-05,1.271e-05,1552504293.0,19786.5825252,2025-05-31 16:37:00.518,2025-06-01 16:37:00.518,196579,196700,122
TRACUSD,0.0,0.0,0.0,0.2587,0.0,0.0,0.0,0.0,0.0,0.0,0.0,0.0,0.0,0.0,0.0,2025-02-12 09:54:21.827,2025-02-13 09:54:21.827,-1,-1,0
POLYXUSDT,0.0,0.0,0.14319376,0.1341,0.138,2237.7,0.1343,5770.5,0.138,27.3,0.138,0.1721,0.138,5624.2,805.35032,2025-05-31 16:34:37.566,2025-06-01 16:34:37.566,68438,68456,19
IOSTUSDT,-1e-06,-0.03,0.00333128,0.003332,0.003331,65504.0,0.003319,18804.0,0.004557,96970.0,0.003332,0.003332,0.003331,90460.0,301.347216,2025-05-31 13:13:07.970,2025-06-01 13:13:07.970,14415,14418,4
IOSTUSD,0.0,0.0,0.0,0.00888,0.0,0.0,0.0,0.0,0.0,0.0,0.0,0.0,0.0,0.0,0.0,2025-02-12 09:54:21.827,2025-02-13 09:54:21.827,-1,-1,0
MATICETH,0.0,0.0,0.0,0.0001458,0.0,0.0,0.0,0.0,0.0,0.0,0.0,0.0,0.0,0.0,0.0,2025-02-12 09:54:21.827,2025-02-13 09:54:21.827,-1,-1,0
SOLETH,0.00172,2.595,0.06620997,0.06751,0.068,11.661,0.0,0.0,0.0,0.0,0.06628,0.068,0.066,164.91,10.91868642,2025-05-22 01:28:36.851,2025-05-23 01:28:36.851,121036,121053,18
FLOKI8USDT,0.0,0.0,0.0,5e-05,0.0,0.0,0.0,0.0,0.0,0.0,0.0,0.0,0.0,0.0,0.0,2025-02-12 09:54:21.827,2025-02-13 09:54:21.827,-1,-1,0
FLOKI8USD,0.0,0.0,0.0,5.131e-05,0.0,0.0,0.0,0.0,0.0,0.0,0.0,0.0,0.0,0.0,0.0,2025-02-12 09:54:21.827,2025-02-13 09:54:21.827,-1,-1,0
ARBUSDT,-0.0035,-1.015,0.33878641,0.3421,0.3413,14.6,0.3422,531.4,0.3447,537.3,0.3448,0.3449,0.332,4000.3,1355.24729,2025-05-31 16:37:03.242,2025-06-01 16:37:03.242,99446,99467,22
ARBUSD,0.0,0.0,0.0,1.131,0.0,0.0,0.0,0.0,0.0,0.0,0.0,0.0,0.0,0.0,0.0,2025-02-12 09:54:21.827,2025-02-13 09:54:21.827,-1,-1,0
FLOKIUSDT,8.5e-07,0.991,8.491e-05,8.58e-05,8.665e-05,3313257.0,8.586e-05,22949173.0,8.67e-05,17544285.0,8.58e-05,8.665e-05,8.305e-05,35077398.0,2978.48028944,2025-05-31 16:37:04.144,2025-06-01 16:37:04.144,738672,738693,22
FLOKIUSD,-1.59e-06,-1.864,8.512e-05,8.455e-05,8.371e-05,1901806.0,8.65e-05,1837776.0,8.674e-05,1283818.0,8.53e-05,8.598e-05,8.347e-05,21786722.0,1854.55902935,2025-05-31 16:37:04.151,2025-06-01 16:37:04.151,38151,38165,15
XECUSDT,4.1e-07,1.945,2.118e-05,2.075e-05,2.149e-05,4042671.0,2.127e-05,53132085.0,2.155e-05,133340.0,2.108e-05,2.172e-05,2.084e-05,24500221.0,518.87050711,2025-05-31 16:37:01.674,2025-06-01 16:37:01.674,50025,50045,21
XECUSD,0.0,0.0,0.0,2.349e-05,0.0,0.0,0.0,0.0,0.0,0.0,0.0,0.0,0.0,0.0,0.0,2025-02-12 09:54:21.827,2025-02-13 09:54:21.827,-1,-1,0
BLURUSDT,0.0,0.0,0.0,0.087,0.0,0.0,0.088,1113.8,0.091,16106.0,0.0,0.0,0.0,0.0,0.0,2025-05-31 16:37:00.768,2025-06-01 16:37:00.768,-1,-1,0
BLURUSD,0.0,0.0,0.0,0.33,0.0,0.0,0.0,0.0,0.0,0.0,0.0,0.0,0.0,0.0,0.0,2025-02-12 09:54:21.827,2025-02-13 09:54:21.827,-1,-1,0
ANKRUSDT,-0.00028,-1.811,0.01540058,0.01623,0.01518,1831.1,0.01541,64993.2,0.01602,168.2,0.01546,0.01548,0.01518,8479.1,130.583041,2025-05-31 16:09:05.663,2025-06-01 16:09:05.663,46913,46919,7
DAIUSDT,0.0001,0.01,0.99605494,0.9961,0.9961,12.69,0.9775,856.99,0.9961,288.48,0.996,0.9961,0.996,23.1,23.008869,2025-05-31 16:29:21.082,2025-06-01 16:29:21.082,10720,10723,4
DASHUSDT,-1.63,-7.382,21.50029841,21.84,20.45,0.1,21.74,21.109,22.08,20.207,22.08,22.34,20.45,13.17,283.15893,2025-05-31 16:36:55.407,2025-06-01 16:36:55.407,72898,72950,53
HBARUSDT,0.00018,0.107,0.16706768,0.1699,0.16864,16.0,0.1686,360.0,0.16892,360.0,0.16846,0.16956,0.16426,107609.0,17977.9861,2025-05-31 16:37:03.227,2025-06-01 16:37:03.227,477496,477713,218
ICXUSDT,-0.0042,-3.443,0.11765224,0.1218,0.1178,84.9,0.1178,6750.2,0.118,84.7,0.122,0.1228,0.1134,20605.9,2424.33021,2025-05-31 16:36:27.348,2025-06-01 16:36:27.348,154398,154640,243
IOTAUSDT,0.0019,1.047,0.18020333,0.1825,0.1834,61.0,0.1823,18691.0,0.1839,560.0,0.1815,0.1834,0.1767,32173.0,5797.6816,2025-05-31 16:37:02.091,2025-06-01 16:37:02.091,297147,297203,57
RVNUSDT,0.0,0.0,0.01086527,0.01065,0.01071,132.1,0.01071,801.7,0.01072,100.0,0.01071,0.01102,0.01036,500758.5,5440.876113,2025-05-31 16:33:26.357,2025-06-01 16:33:26.357,185738,185944,207
WAVESUSDT,0.0,0.0,0.0,3.329,0.0,0.0,0.0,0.0,0.0,0.0,0.0,0.0,0.0,0.0,0.0,2025-02-12 09:54:21.827,2025-02-13 09:54:21.827,-1,-1,0
XNOUSDT,0.033,3.618,0.90654033,0.879,0.945,26.31,0.904,743.75,0.95,52.63,0.912,0.95,0.9,6946.86,6297.60873,2025-05-31 16:37:00.529,2025-06-01 16:37:00.529,53535,53570,36
XTZUSDT,-0.0103,-1.815,0.56791331,0.5801,0.5573,7.2,0.5671,3705.1,0.5797,208.2,0.5676,0.5852,0.5537,3024.1,1717.42664,2025-05-31 16:37:01.974,2025-06-01 16:37:01.974,64029,64078,50
ZILUSDT,9e-05,0.797,0.01120752,0.01112,0.01138,2539.0,0.01126,10362.5,0.0114,242.8,0.01129,0.01139,0.01101,261736.7,2933.419375,2025-05-31 16:37:00.958,2025-06-01 16:37:00.958,136277,136353,77
ORBSUSDT,0.0,0.0,0.02016,0.02077,0.02016,1498.0,0.02016,2702.0,0.02077,2723.0,0.02016,0.02016,0.02016,1498.0,30.19968,2025-05-29 09:21:41.161,2025-05-30 09:21:41.161,80665,80668,4
CUDOSUSDT,0.0,0.0,0.0,0.012201,0.0,0.0,0.0,0.0,0.0,0.0,0.0,0.0,0.0,0.0,0.0,2025-02-12 09:54:21.827,2025-02-13 09:54:21.827,-1,-1,0
ADXUSDT,0.0,0.0,0.0,0.0999,0.0,0.0,0.0941,311.0,0.0998,243.0,0.0,0.0,0.0,0.0,0.0,2025-05-31 16:32:59.868,2025-06-01 16:32:59.868,-1,-1,0
FORTUSDT,0.0069,10.0,0.07502641,0.0688,0.0759,107.0,0.0758,2032.0,0.0759,2529.0,0.069,0.083,0.0602,26190.0,1964.9416,2025-05-31 16:34:28.810,2025-06-01 16:34:28.810,66243,66410,168
SUIUSDT,0.023,0.7,3.24203047,3.3063,3.3074,2.6,3.2987,18.6,3.3109,397.3,3.2844,3.3226,3.1899,16334.6,52957.27093,2025-05-31 16:37:04.103,2025-06-01 16:37:04.103,317355,317587,233
ONGUSDT,0.0002,0.132,0.15140949,0.1503,0.1516,13.0,0.1516,4846.0,0.2345,150.0,0.1514,0.1516,0.1514,274.0,41.4862,2025-05-31 16:34:41.839,2025-06-01 16:34:41.839,11682,11684,3
GUSDT,0.0,0.0,0.0,0.01355,0.0,0.0,0.01272,40334.0,0.01682,8892.0,0.0,0.0,0.0,0.0,0.0,2025-05-31 16:34:30.068,2025-06-01 16:34:30.068,-1,-1,0
RENDERUSDT,0.023,0.593,3.89500165,3.919,3.903,2.61,3.894,11.62,3.925,231.57,3.88,3.987,3.781,2071.07,8066.82107,2025-05-31 16:37:01.970,2025-06-01 16:37:01.970,117368,117529,162
BONKUSDT,2e-08,0.121,1.634e-05,1.684e-05,1.66e-05,231072.0,1.65e-05,96057799.0,1.664e-05,98505103.0,1.658e-05,1.68e-05,1.595e-05,173988814.0,2843.80257482,2025-05-31 16:37:04.138,2025-06-01 16:37:04.138,131638,131717,80
MAGICUSDT,0.0,0.0,0.13,0.1296,0.13,398.1,0.1337,11259.7,0.167,6198.8,0.13,0.13,0.13,398.1,51.753,2025-05-31 16:36:49.392,2025-06-01 16:36:49.392,4888,4888,1
PEPEUSDT,1.4e-07,1.195,1.167e-05,1.18e-05,1.186e-05,550958.0,1.189e-05,410843414.0,1.193e-05,645308949.0,1.172e-05,1.192e-05,1.13e-05,1479187365.0,17259.09337323,2025-05-31 16:37:04.159,2025-06-01 16:37:04.159,139029,139328,300
WIFUSDT,0.033,3.905,0.82712924,0.858,0.878,3.0,0.863,148.19,0.878,682.98,0.845,0.878,0.825,22766.61,18830.9288,2025-05-31 16:37:01.768,2025-06-01 16:37:01.768,15297,15333,37
IOTXUSDT,-8e-05,-0.306,0.02647378,0.02611,0.02607,49.0,0.02604,164.0,0.02611,55.0,0.02615,0.02688,0.02607,8385.0,221.98268,2025-05-31 16:15:40.336,2025-06-01 16:15:40.336,16944,16993,50
PNUTUSDT,0.0042,1.598,0.26450986,0.2623,0.2671,58.0,0.263,1198.5,0.2669,9252.7,0.2629,0.2671,0.2563,2132.6,564.09372,2025-05-31 16:36:00.668,2025-06-01 16:36:00.668,8708,8715,8
PENGUUSDT,0.000423,4.165,0.01023144,0.010155,0.010578,8378.0,0.010644,226247.0,0.010725,67321.0,0.010155,0.010578,0.01005,127362.0,1303.096555,2025-05-31 16:37:02.041,2025-06-01 16:37:02.041,14385,14403,19
POLBTC,0.0,0.0,0.0,2.25e-06,0.0,0.0,0.0,0.0,0.0,0.0,0.0,0.0,0.0,0.0,0.0,2025-05-22 01:28:49.393,2025-05-23 01:28:49.393,-1,-1,0
POLETH,0.0,0.0,0.0,9.2e-05,0.0,0.0,0.0,0.0,0.0,0.0,0.0,0.0,0.0,0.0,0.0,2025-05-22 01:28:38.879,2025-05-23 01:28:38.879,-1,-1,0
POLUSDT,0.002,0.939,0.2134491,0.2114,0.2151,91.3,0.2139,9130.1,0.2154,371.5,0.2131,0.2174,0.2105,26654.8,5689.44303,2025-05-31 16:37:01.946,2025-06-01 16:37:01.946,15906,15994,89
TRUMPUSDT,-0.02,-0.177,11.24022098,11.19,11.31,0.09,11.29,5.785,11.32,45.997,11.33,11.36,10.96,784.677,8819.94288,2025-05-31 16:37:01.887,2025-06-01 16:37:01.887,58292,58558,267
NEIROUSDT,-3.031e-05,-6.315,0.00045708,0.0003802,0.00044968,73084.0,0.0004497,15730485.0,0.00046076,234547.0,0.00047999,0.00048,0.00043001,13331944.0,6093.73757201,2025-05-31 16:37:04.172,2025-06-01 16:37:04.172,4076,4109,34
SUIUSD,-0.0013,-0.04,3.2524467,3.3158,3.2829,544.6,3.3016,692.9,3.3131,56.7,3.2842,3.296,3.2,4157.4,13521.7219,2025-05-31 16:37:02.123,2025-06-01 16:37:02.123,5952,5973,22
XRPUSD,-0.0208,-0.946,2.17092762,2.1986,2.1778,178.0,2.164,453.9,2.1779,960.8,2.1986,2.2055,2.1354,5760.6,12505.84565,2025-05-31 16:37:03.721,2025-06-01 16:37:03.721,1611963,1612029,67
BONKUSD,9e-08,0.546,1.652e-05,1.679e-05,1.658e-05,129416.0,1.652e-05,114126416.0,1.664e-05,29588907.0,1.649e-05,1.679e-05,1.608e-05,15569982.0,257.28333224,2025-05-31 16:37:04.145,2025-06-01 16:37:04.145,5777,5791,15
PEPEUSD,2.3e-07,1.974,1.161e-05,1.165e-05,1.188e-05,186485.0,1.187e-05,60923435.0,1.196e-05,21979049.0,1.165e-05,1.188e-05,1.135e-05,227404418.0,2640.5756271,2025-05-31 16:37:01.699,2025-06-01 16:37:01.699,6559,6623,65
POLUSD,-0.0032,-1.488,0.21368456,0.2091,0.2118,8.0,0.2143,8182.1,0.2157,5528.4,0.215,0.215,0.2118,29.8,6.3678,2025-05-31 16:37:01.908,2025-06-01 16:37:01.908,1844,1846,3
RENDERUSD,0.055,1.409,3.89814549,3.739,3.958,2.77,3.909,48.48,3.924,0.57,3.903,3.958,3.86,793.48,3093.10048,2025-05-31 16:37:01.887,2025-06-01 16:37:01.887,3356,3415,60
TRUMPUSD,0.01,0.088,11.22292125,11.25,11.33,24.939,11.26,5.795,11.33,6.114,11.32,11.33,10.99,298.078,3345.30592,2025-05-31 16:36:15.726,2025-06-01 16:36:15.726,9374,9483,110
EIGENUSD,0.0,0.0,0.0,1.334,0.0,0.0,1.394,2100.39,1.418,1349.69,0.0,0.0,0.0,0.0,0.0,2025-05-31 16:37:03.936,2025-06-01 16:37:03.936,-1,-1,0
EIGENUSDT,0.0,0.0,1.393,1.27,1.393,31.08,1.393,1899.31,1.458,34.29,1.393,1.393,1.393,31.08,43.29444,2025-05-31 16:36:46.845,2025-06-01 16:36:46.845,1031,1031,1
MEUSDT,0.0,0.0,0.811,0.787,0.811,13.61,0.836,175.68,0.841,124.52,0.811,0.811,0.811,13.61,11.03771,2025-05-31 16:36:56.832,2025-06-01 16:36:56.832,616,617,2
MEUSD,0.0,0.0,0.81,0.792,0.81,13.61,0.834,175.68,0.841,129.11,0.81,0.81,0.81,13.61,11.0241,2025-05-31 16:36:57.120,2025-06-01 16:36:57.120,631,632,2
DUSDT,-0.00113,-3.126,0.03558109,0.03536,0.03502,291.0,0.03425,291.0,0.03426,3936.0,0.03615,0.03615,0.03502,578.0,20.56587,2025-05-31 16:36:38.518,2025-06-01 16:36:38.518,443,444,2
METISUSDT,0.0,0.0,17.29,16.76,17.29,0.081,17.94,13.449,18.02,17.899,17.29,17.29,17.29,0.081,1.40049,2025-05-31 16:37:04.199,2025-06-01 16:37:04.199,246,246,1
METISUSD,0.0,0.0,0.0,18.34,0.0,0.0,17.95,7.299,18.02,8.147,0.0,0.0,0.0,0.0,0.0,2025-05-31 16:37:03.476,2025-06-01 16:37:03.476,-1,-1,0
JUPUSD,0.0141,2.733,0.52136527,0.5101,0.53,188.3,0.5289,2428.3,0.5329,3130.6,0.5159,0.53,0.5159,485.8,253.27925,2025-05-31 16:37:04.137,2025-06-01 16:37:04.137,545,547,3
JUPUSDT,0.0057,1.086,0.51998185,0.5275,0.5304,254.2,0.5283,1879.9,0.5356,179.2,0.5247,0.5304,0.5124,5607.3,2915.69421,2025-05-31 16:37:01.895,2025-06-01 16:37:01.895,1152,1174,23
SUSD,-0.0154,-3.879,0.39453681,0.3945,0.3816,4.0,0.3926,1317.9,0.3956,1856.6,0.397,0.397,0.3816,74.7,29.4719,2025-05-31 16:37:01.818,2025-06-01 16:37:01.818,1077,1080,4
SUSDT,-0.0127,-3.121,0.38383294,0.3827,0.3942,59.2,0.3815,2376.4,0.4005,7.5,0.4069,0.4069,0.38,924.3,354.77679,2025-05-31 16:29:46.600,2025-06-01 16:29:46.600,2905,2909,5
JTOUSDT,0.0,0.0,0.0,1.613,0.0,0.0,1.699,91.3,1.709,84.3,0.0,0.0,0.0,0.0,0.0,2025-05-31 16:37:04.180,2025-06-01 16:37:04.180,-1,-1,0
ORCAUSDT,0.0,0.0,0.0,2.548,0.0,0.0,2.562,64.91,3.271,36.77,0.0,0.0,0.0,0.0,0.0,2025-05-31 16:29:28.254,2025-06-01 16:29:28.254,-1,-1,0
DATAUSDT,0.0,0.0,0.01441312,0.012,0.014,3445.4,0.014,227.1,0.01401,1784.4,0.014,0.015,0.014,12438.6,179.279,2025-05-31 03:24:09.958,2025-06-01 03:24:09.958,213,218,6
VIRTUALUSDT,-0.0902,-4.195,2.03109232,2.0771,2.0598,0.7,2.0533,199.2,2.0721,0.7,2.15,2.15,1.9212,832.4,1690.68125,2025-05-31 16:37:04.196,2025-06-01 16:37:04.196,1862,1921,60
AIXBTUSDT,0.0037,1.948,0.19188401,0.1916,0.1936,56.5,0.1929,2241.4,0.1945,2766.9,0.1899,0.1961,0.1869,5496.4,1054.67125,2025-05-31 16:37:03.890,2025-06-01 16:37:03.890,998,1005,8
KAITOUSDT,0.1,5.122,1.95943945,1.9895,2.0523,4.8,2.0367,93.6,2.0424,93.7,1.9523,2.0523,1.8845,137.4,269.22698,2025-05-31 16:37:03.282,2025-06-01 16:37:03.282,529,544,16
TURBOUSDT,9.4e-05,2.212,0.00431335,0.004279,0.004344,3003.0,0.004335,74583.0,0.004347,54032.0,0.00425,0.004348,0.004192,936684.0,4040.245185,2025-05-31 16:37:04.185,2025-06-01 16:37:04.185,1100,1134,35
