open_time,open,high,low,close,volume,close_time,quote_asset_volume,number_of_trades,taker_buy_base_asset_volume,taker_buy_quote_asset_volume
2025-05-01 00:00:00,5.296,5.327,5.292,5.327,15.89,2025-05-01 00:59:59.999,84.32341,4,11.22,59.60977
2025-05-01 01:00:00,5.306,5.306,5.306,5.306,25.3,2025-05-01 01:59:59.999,134.2418,2,0.0,0.0
2025-05-01 02:00:00,5.306,5.306,5.306,5.306,0.0,2025-05-01 02:59:59.999,0.0,0,0.0,0.0
2025-05-01 03:00:00,5.306,5.306,5.306,5.306,0.0,2025-05-01 03:59:59.999,0.0,0,0.0,0.0
2025-05-01 04:00:00,5.25,5.253,5.241,5.253,137.87,2025-05-01 04:59:59.999,723.79464,3,3.81,20.01393
2025-05-01 05:00:00,5.253,5.253,5.253,5.253,0.0,2025-05-01 05:59:59.999,0.0,0,0.0,0.0
2025-05-01 06:00:00,5.253,5.253,5.253,5.253,0.0,2025-05-01 06:59:59.999,0.0,0,0.0,0.0
2025-05-01 07:00:00,5.248,5.251,5.248,5.25,114.21,2025-05-01 07:59:59.999,599.63714,3,114.21,599.63714
2025-05-01 08:00:00,5.25,5.25,5.25,5.25,0.0,2025-05-01 08:59:59.999,0.0,0,0.0,0.0
2025-05-01 09:00:00,5.293,5.293,5.293,5.293,3.9,2025-05-01 09:59:59.999,20.6427,1,0.0,0.0
2025-05-01 10:00:00,5.321,5.373,5.321,5.373,137.06,2025-05-01 10:59:59.999,731.77014,6,137.06,731.77014
2025-05-01 11:00:00,5.34,5.34,5.34,5.34,1.93,2025-05-01 11:59:59.999,10.3062,1,0.0,0.0
2025-05-01 12:00:00,5.36,5.397,5.36,5.397,192.3,2025-05-01 12:59:59.999,1032.77857,5,192.3,1032.77857
2025-05-01 13:00:00,5.346,5.346,5.315,5.319,215.84,2025-05-01 13:59:59.999,1149.87976,4,5.95,31.64805
2025-05-01 14:00:00,5.335,5.395,5.335,5.395,8.72,2025-05-01 14:59:59.999,46.6886,2,2.79,15.05205
2025-05-01 15:00:00,5.402,5.418,5.385,5.385,25.64,2025-05-01 15:59:59.999,138.58819,5,16.3,88.12225
2025-05-01 16:00:00,5.377,5.377,5.318,5.368,21.35,2025-05-01 16:59:59.999,114.45041,3,8.44,45.30592
2025-05-01 17:00:00,5.417,5.417,5.417,5.417,20.0,2025-05-01 17:59:59.999,108.34,1,20.0,108.34
2025-05-01 18:00:00,5.399,5.428,5.385,5.385,780.75,2025-05-01 18:59:59.999,4216.61113,5,780.53,4215.42621
2025-05-01 19:00:00,5.375,5.375,5.371,5.371,13.74,2025-05-01 19:59:59.999,73.82346,2,7.26,38.99346
2025-05-01 20:00:00,5.371,5.371,5.371,5.371,0.0,2025-05-01 20:59:59.999,0.0,0,0.0,0.0
2025-05-01 21:00:00,5.371,5.371,5.371,5.371,0.0,2025-05-01 21:59:59.999,0.0,0,0.0,0.0
2025-05-01 22:00:00,5.371,5.371,5.371,5.371,0.0,2025-05-01 22:59:59.999,0.0,0,0.0,0.0
2025-05-01 23:00:00,5.308,5.308,5.308,5.308,5.66,2025-05-01 23:59:59.999,30.04328,1,0.0,0.0
2025-05-02 00:00:00,5.305,5.305,5.305,5.305,10.48,2025-05-02 00:59:59.999,55.5964,1,0.0,0.0
2025-05-02 01:00:00,5.305,5.305,5.305,5.305,0.0,2025-05-02 01:59:59.999,0.0,0,0.0,0.0
2025-05-02 02:00:00,5.305,5.305,5.305,5.305,0.0,2025-05-02 02:59:59.999,0.0,0,0.0,0.0
2025-05-02 03:00:00,5.305,5.305,5.305,5.305,0.0,2025-05-02 03:59:59.999,0.0,0,0.0,0.0
2025-05-02 04:00:00,5.313,5.313,5.3,5.3,29.92,2025-05-02 04:59:59.999,158.83496,2,0.0,0.0
2025-05-02 05:00:00,5.276,5.276,5.276,5.276,3.25,2025-05-02 05:59:59.999,17.147,1,0.0,0.0
2025-05-02 06:00:00,5.312,5.312,5.312,5.312,7.35,2025-05-02 06:59:59.999,39.0432,1,7.35,39.0432
2025-05-02 07:00:00,5.312,5.312,5.312,5.312,0.0,2025-05-02 07:59:59.999,0.0,0,0.0,0.0
2025-05-02 08:00:00,5.312,5.312,5.312,5.312,0.0,2025-05-02 08:59:59.999,0.0,0,0.0,0.0
2025-05-02 09:00:00,5.312,5.312,5.312,5.312,0.0,2025-05-02 09:59:59.999,0.0,0,0.0,0.0
2025-05-02 10:00:00,5.312,5.312,5.312,5.312,0.0,2025-05-02 10:59:59.999,0.0,0,0.0,0.0
2025-05-02 11:00:00,5.253,5.253,5.253,5.253,13.18,2025-05-02 11:59:59.999,69.23454,1,0.0,0.0
2025-05-02 12:00:00,5.347,5.347,5.264,5.264,9.0,2025-05-02 12:59:59.999,47.55362,2,2.14,11.44258
2025-05-02 13:00:00,5.266,5.266,5.251,5.251,43.31,2025-05-02 13:59:59.999,227.99672,3,38.51,202.79192
2025-05-02 14:00:00,5.29,5.29,5.29,5.29,9.69,2025-05-02 14:59:59.999,51.2601,1,9.69,51.2601
2025-05-02 15:00:00,5.29,5.29,5.29,5.29,0.0,2025-05-02 15:59:59.999,0.0,0,0.0,0.0
2025-05-02 16:00:00,5.325,5.325,5.325,5.325,0.58,2025-05-02 16:59:59.999,3.0885,1,0.58,3.0885
2025-05-02 17:00:00,5.325,5.325,5.325,5.325,0.0,2025-05-02 17:59:59.999,0.0,0,0.0,0.0
2025-05-02 18:00:00,5.325,5.325,5.325,5.325,0.0,2025-05-02 18:59:59.999,0.0,0,0.0,0.0
2025-05-02 19:00:00,5.219,5.219,5.2,5.2,276.63,2025-05-02 19:59:59.999,1443.58035,4,0.0,0.0
2025-05-02 20:00:00,5.2,5.2,5.2,5.2,0.0,2025-05-02 20:59:59.999,0.0,0,0.0,0.0
2025-05-02 21:00:00,5.225,5.225,5.225,5.225,8.97,2025-05-02 21:59:59.999,46.86825,1,0.0,0.0
2025-05-02 22:00:00,5.225,5.225,5.225,5.225,0.0,2025-05-02 22:59:59.999,0.0,0,0.0,0.0
2025-05-02 23:00:00,5.225,5.225,5.225,5.225,0.0,2025-05-02 23:59:59.999,0.0,0,0.0,0.0
2025-05-03 00:00:00,5.225,5.225,5.225,5.225,0.0,2025-05-03 00:59:59.999,0.0,0,0.0,0.0
2025-05-03 01:00:00,5.204,5.204,5.176,5.176,58.27,2025-05-03 01:59:59.999,302.06349,6,0.0,0.0
2025-05-03 02:00:00,5.182,5.209,5.182,5.209,103.99,2025-05-03 02:59:59.999,539.08172,4,7.9,41.14334
2025-05-03 03:00:00,5.209,5.209,5.209,5.209,0.0,2025-05-03 03:59:59.999,0.0,0,0.0,0.0
2025-05-03 04:00:00,5.209,5.209,5.209,5.209,0.0,2025-05-03 04:59:59.999,0.0,0,0.0,0.0
2025-05-03 05:00:00,5.209,5.209,5.209,5.209,0.0,2025-05-03 05:59:59.999,0.0,0,0.0,0.0
2025-05-03 06:00:00,5.18,5.18,5.18,5.18,1.93,2025-05-03 06:59:59.999,9.9974,1,0.0,0.0
2025-05-03 07:00:00,5.18,5.18,5.18,5.18,0.0,2025-05-03 07:59:59.999,0.0,0,0.0,0.0
2025-05-03 08:00:00,5.18,5.18,5.18,5.18,0.0,2025-05-03 08:59:59.999,0.0,0,0.0,0.0
2025-05-03 09:00:00,5.178,5.178,5.178,5.178,2.15,2025-05-03 09:59:59.999,11.1327,1,0.0,0.0
2025-05-03 10:00:00,5.145,5.145,5.145,5.145,2.78,2025-05-03 10:59:59.999,14.3031,1,0.0,0.0
2025-05-03 11:00:00,5.134,5.134,5.119,5.119,22.66,2025-05-03 11:59:59.999,116.15399,3,9.86,50.62124
2025-05-03 12:00:00,5.174,5.174,5.174,5.174,3.23,2025-05-03 12:59:59.999,16.71202,1,0.0,0.0
2025-05-03 13:00:00,5.178,5.178,5.176,5.176,144.64,2025-05-03 13:59:59.999,748.77288,2,0.0,0.0
2025-05-03 14:00:00,5.176,5.176,5.176,5.176,0.0,2025-05-03 14:59:59.999,0.0,0,0.0,0.0
2025-05-03 15:00:00,5.176,5.176,5.176,5.176,0.0,2025-05-03 15:59:59.999,0.0,0,0.0,0.0
2025-05-03 16:00:00,5.171,5.171,5.098,5.098,146.95,2025-05-03 16:59:59.999,749.91617,6,85.73,437.47123
2025-05-03 17:00:00,5.091,5.091,5.042,5.061,46.37,2025-05-03 17:59:59.999,234.79343,9,7.53,38.0265
2025-05-03 18:00:00,5.102,5.102,5.102,5.102,4.52,2025-05-03 18:59:59.999,23.06104,1,4.52,23.06104
2025-05-03 19:00:00,5.102,5.102,5.102,5.102,0.0,2025-05-03 19:59:59.999,0.0,0,0.0,0.0
2025-05-03 20:00:00,5.102,5.102,5.102,5.102,0.0,2025-05-03 20:59:59.999,0.0,0,0.0,0.0
2025-05-03 21:00:00,5.155,5.157,5.155,5.157,7.03,2025-05-03 21:59:59.999,36.24601,2,7.03,36.24601
2025-05-03 22:00:00,5.157,5.157,5.157,5.157,0.0,2025-05-03 22:59:59.999,0.0,0,0.0,0.0
2025-05-03 23:00:00,5.098,5.098,5.098,5.098,7.33,2025-05-03 23:59:59.999,37.36834,1,0.0,0.0
2025-05-04 00:00:00,5.098,5.098,5.098,5.098,0.0,2025-05-04 00:59:59.999,0.0,0,0.0,0.0
2025-05-04 01:00:00,5.098,5.098,5.098,5.098,0.0,2025-05-04 01:59:59.999,0.0,0,0.0,0.0
2025-05-04 02:00:00,5.098,5.098,5.098,5.098,0.0,2025-05-04 02:59:59.999,0.0,0,0.0,0.0
2025-05-04 03:00:00,5.098,5.098,5.098,5.098,0.0,2025-05-04 03:59:59.999,0.0,0,0.0,0.0
2025-05-04 04:00:00,5.098,5.098,5.098,5.098,0.0,2025-05-04 04:59:59.999,0.0,0,0.0,0.0
2025-05-04 05:00:00,5.102,5.102,5.102,5.102,10.04,2025-05-04 05:59:59.999,51.22408,1,10.04,51.22408
2025-05-04 06:00:00,5.102,5.102,5.102,5.102,0.0,2025-05-04 06:59:59.999,0.0,0,0.0,0.0
2025-05-04 07:00:00,5.102,5.102,5.102,5.102,0.0,2025-05-04 07:59:59.999,0.0,0,0.0,0.0
2025-05-04 08:00:00,5.042,5.044,5.042,5.044,5.23,2025-05-04 08:59:59.999,26.37362,2,0.0,0.0
2025-05-04 09:00:00,5.033,5.035,5.026,5.026,101.12,2025-05-04 09:59:59.999,509.0198,4,0.0,0.0
2025-05-04 10:00:00,5.037,5.037,5.037,5.037,1.98,2025-05-04 10:59:59.999,9.97326,1,1.98,9.97326
2025-05-04 11:00:00,5.037,5.037,5.037,5.037,0.0,2025-05-04 11:59:59.999,0.0,0,0.0,0.0
2025-05-04 12:00:00,5.037,5.037,5.037,5.037,0.0,2025-05-04 12:59:59.999,0.0,0,0.0,0.0
2025-05-04 13:00:00,5.081,5.081,5.047,5.047,30.96,2025-05-04 13:59:59.999,156.99394,2,21.73,110.41013
2025-05-04 14:00:00,5.072,5.072,5.072,5.072,1.42,2025-05-04 14:59:59.999,7.20224,1,0.0,0.0
2025-05-04 15:00:00,5.072,5.072,5.072,5.072,0.0,2025-05-04 15:59:59.999,0.0,0,0.0,0.0
2025-05-04 16:00:00,5.072,5.072,5.072,5.072,0.0,2025-05-04 16:59:59.999,0.0,0,0.0,0.0
2025-05-04 17:00:00,5.045,5.045,5.045,5.045,2.98,2025-05-04 17:59:59.999,15.0341,1,0.0,0.0
2025-05-04 18:00:00,5.045,5.045,5.045,5.045,0.0,2025-05-04 18:59:59.999,0.0,0,0.0,0.0
2025-05-04 19:00:00,5.045,5.045,5.045,5.045,0.0,2025-05-04 19:59:59.999,0.0,0,0.0,0.0
2025-05-04 20:00:00,5.045,5.045,5.045,5.045,0.0,2025-05-04 20:59:59.999,0.0,0,0.0,0.0
2025-05-04 21:00:00,5.045,5.045,5.045,5.045,0.0,2025-05-04 21:59:59.999,0.0,0,0.0,0.0
2025-05-04 22:00:00,5.013,5.013,5.013,5.013,0.87,2025-05-04 22:59:59.999,4.36131,1,0.0,0.0
2025-05-04 23:00:00,5.009,5.009,4.983,4.983,509.79,2025-05-04 23:59:59.999,2550.52124,9,0.5,2.4915
2025-05-05 00:00:00,4.983,4.983,4.983,4.983,0.0,2025-05-05 00:59:59.999,0.0,0,0.0,0.0
2025-05-05 01:00:00,4.966,4.966,4.966,4.966,3.25,2025-05-05 01:59:59.999,16.1395,1,0.0,0.0
2025-05-05 02:00:00,4.966,4.966,4.966,4.966,0.0,2025-05-05 02:59:59.999,0.0,0,0.0,0.0
2025-05-05 03:00:00,4.966,4.966,4.966,4.966,0.0,2025-05-05 03:59:59.999,0.0,0,0.0,0.0
2025-05-05 04:00:00,4.966,4.966,4.966,4.966,0.0,2025-05-05 04:59:59.999,0.0,0,0.0,0.0
2025-05-05 05:00:00,5.08,5.08,5.08,5.08,3.18,2025-05-05 05:59:59.999,16.1544,1,3.18,16.1544
2025-05-05 06:00:00,5.08,5.08,5.08,5.08,0.0,2025-05-05 06:59:59.999,0.0,0,0.0,0.0
2025-05-05 07:00:00,5.08,5.08,5.08,5.08,0.0,2025-05-05 07:59:59.999,0.0,0,0.0,0.0
2025-05-05 08:00:00,5.104,5.104,5.1,5.1,23.65,2025-05-05 08:59:59.999,120.69356,2,19.64,100.24256
2025-05-05 09:00:00,5.072,5.072,5.072,5.072,1.09,2025-05-05 09:59:59.999,5.52848,1,0.0,0.0
2025-05-05 10:00:00,5.017,5.017,5.017,5.017,6.52,2025-05-05 10:59:59.999,32.71084,1,6.52,32.71084
2025-05-05 11:00:00,5.017,5.017,5.017,5.017,0.0,2025-05-05 11:59:59.999,0.0,0,0.0,0.0
2025-05-05 12:00:00,5.017,5.017,5.017,5.017,0.0,2025-05-05 12:59:59.999,0.0,0,0.0,0.0
2025-05-05 13:00:00,4.966,4.966,4.966,4.966,3.25,2025-05-05 13:59:59.999,16.1395,1,0.0,0.0
2025-05-05 14:00:00,5.015,5.015,5.015,5.015,7.83,2025-05-05 14:59:59.999,39.26745,1,0.0,0.0
2025-05-05 15:00:00,4.956,4.956,4.943,4.943,113.58,2025-05-05 15:59:59.999,561.81146,3,0.0,0.0
2025-05-05 16:00:00,4.943,4.943,4.943,4.943,0.0,2025-05-05 16:59:59.999,0.0,0,0.0,0.0
2025-05-05 17:00:00,4.943,4.943,4.943,4.943,0.0,2025-05-05 17:59:59.999,0.0,0,0.0,0.0
2025-05-05 18:00:00,4.978,4.978,4.978,4.978,9.3,2025-05-05 18:59:59.999,46.2954,1,0.0,0.0
2025-05-05 19:00:00,4.972,4.972,4.972,4.972,9.3,2025-05-05 19:59:59.999,46.2396,1,9.3,46.2396
2025-05-05 20:00:00,4.972,4.972,4.972,4.972,0.0,2025-05-05 20:59:59.999,0.0,0,0.0,0.0
2025-05-05 21:00:00,4.99,4.99,4.99,4.99,100.0,2025-05-05 21:59:59.999,499.0,1,0.0,0.0
2025-05-05 22:00:00,5.005,5.005,5.005,5.005,0.46,2025-05-05 22:59:59.999,2.3023,1,0.0,0.0
2025-05-05 23:00:00,5.012,5.012,5.001,5.001,7.28,2025-05-05 23:59:59.999,36.47746,2,0.0,0.0
2025-05-06 00:00:00,4.961,4.961,4.96,4.96,16.11,2025-05-06 00:59:59.999,79.91164,2,6.04,29.96444
2025-05-06 01:00:00,4.95,4.95,4.915,4.915,3.9,2025-05-06 01:59:59.999,19.2385,2,0.0,0.0
2025-05-06 02:00:00,4.911,4.911,4.878,4.878,37.7,2025-05-06 02:59:59.999,183.99181,4,0.0,0.0
2025-05-06 03:00:00,4.878,4.878,4.878,4.878,0.0,2025-05-06 03:59:59.999,0.0,0,0.0,0.0
2025-05-06 04:00:00,4.878,4.878,4.878,4.878,0.0,2025-05-06 04:59:59.999,0.0,0,0.0,0.0
2025-05-06 05:00:00,4.878,4.878,4.878,4.878,0.0,2025-05-06 05:59:59.999,0.0,0,0.0,0.0
2025-05-06 06:00:00,4.878,4.878,4.878,4.878,0.0,2025-05-06 06:59:59.999,0.0,0,0.0,0.0
2025-05-06 07:00:00,4.878,4.878,4.878,4.878,0.0,2025-05-06 07:59:59.999,0.0,0,0.0,0.0
2025-05-06 08:00:00,4.879,4.879,4.875,4.875,13.89,2025-05-06 08:59:59.999,67.73935,8,0.0,0.0
2025-05-06 09:00:00,4.888,4.888,4.888,4.888,0.3,2025-05-06 09:59:59.999,1.4664,1,0.0,0.0
2025-05-06 10:00:00,4.836,4.836,4.836,4.836,3.0,2025-05-06 10:59:59.999,14.508,1,0.0,0.0
2025-05-06 11:00:00,4.836,4.836,4.836,4.836,2.83,2025-05-06 11:59:59.999,13.68588,1,0.0,0.0
2025-05-06 12:00:00,4.836,4.836,4.836,4.836,0.0,2025-05-06 12:59:59.999,0.0,0,0.0,0.0
2025-05-06 13:00:00,4.839,4.839,4.839,4.839,2.88,2025-05-06 13:59:59.999,13.93632,1,0.0,0.0
2025-05-06 14:00:00,4.839,4.839,4.839,4.839,0.0,2025-05-06 14:59:59.999,0.0,0,0.0,0.0
2025-05-06 15:00:00,4.867,4.875,4.867,4.875,30.99,2025-05-06 15:59:59.999,151.06385,3,30.77,149.99311
2025-05-06 16:00:00,4.877,4.877,4.877,4.877,4.78,2025-05-06 16:59:59.999,23.31206,1,4.78,23.31206
2025-05-06 17:00:00,4.882,4.882,4.882,4.882,8.73,2025-05-06 17:59:59.999,42.61986,1,0.0,0.0
2025-05-06 18:00:00,4.882,4.882,4.882,4.882,0.0,2025-05-06 18:59:59.999,0.0,0,0.0,0.0
2025-05-06 19:00:00,4.882,4.882,4.882,4.882,0.0,2025-05-06 19:59:59.999,0.0,0,0.0,0.0
2025-05-06 20:00:00,4.818,4.818,4.818,4.818,7.95,2025-05-06 20:59:59.999,38.3031,2,0.0,0.0
2025-05-06 21:00:00,4.81,4.81,4.746,4.746,24.31,2025-05-06 21:59:59.999,116.36934,3,0.0,0.0
2025-05-06 22:00:00,4.822,4.928,4.822,4.928,27.7,2025-05-06 22:59:59.999,135.27758,4,27.7,135.27758
2025-05-06 23:00:00,4.918,4.983,4.918,4.977,1610.77,2025-05-06 23:59:59.999,7946.877,17,1333.24,6579.73236
2025-05-07 00:00:00,4.993,5.013,4.993,5.013,29.3,2025-05-07 00:59:59.999,146.58486,4,16.1,80.4191
2025-05-07 01:00:00,5.018,5.018,5.018,5.018,6.04,2025-05-07 01:59:59.999,30.30872,1,0.0,0.0
2025-05-07 02:00:00,5.018,5.018,5.018,5.018,0.0,2025-05-07 02:59:59.999,0.0,0,0.0,0.0
2025-05-07 03:00:00,4.922,4.922,4.922,4.922,4.55,2025-05-07 03:59:59.999,22.3951,1,0.0,0.0
2025-05-07 04:00:00,4.933,4.954,4.922,4.954,11.8,2025-05-07 04:59:59.999,58.40798,3,10.59,52.45236
2025-05-07 05:00:00,4.954,4.954,4.954,4.954,0.0,2025-05-07 05:59:59.999,0.0,0,0.0,0.0
2025-05-07 06:00:00,4.954,4.954,4.954,4.954,0.0,2025-05-07 06:59:59.999,0.0,0,0.0,0.0
2025-05-07 07:00:00,4.954,4.954,4.954,4.954,0.0,2025-05-07 07:59:59.999,0.0,0,0.0,0.0
2025-05-07 08:00:00,4.948,4.962,4.948,4.962,16.41,2025-05-07 08:59:59.999,81.27237,4,14.73,72.95301
2025-05-07 09:00:00,4.949,4.949,4.926,4.926,15.52,2025-05-07 09:59:59.999,76.66243,2,0.0,0.0
2025-05-07 10:00:00,4.926,4.926,4.926,4.926,0.0,2025-05-07 10:59:59.999,0.0,0,0.0,0.0
2025-05-07 11:00:00,4.891,4.891,4.881,4.882,36.33,2025-05-07 11:59:59.999,177.38768,4,19.9,97.16035
2025-05-07 12:00:00,4.889,4.889,4.85,4.85,22.65,2025-05-07 12:59:59.999,109.93206,2,2.04,9.97356
2025-05-07 13:00:00,4.836,4.836,4.81,4.824,54.42,2025-05-07 13:59:59.999,262.43701,5,28.06,135.48039
2025-05-07 14:00:00,4.84,4.84,4.828,4.828,13.93,2025-05-07 14:59:59.999,67.35028,2,8.02,38.8168
2025-05-07 15:00:00,4.806,4.812,4.804,4.804,24.23,2025-05-07 15:59:59.999,116.4828,3,15.48,74.3778
2025-05-07 16:00:00,4.757,4.757,4.757,4.757,7.96,2025-05-07 16:59:59.999,37.86572,1,0.0,0.0
2025-05-07 17:00:00,4.755,4.788,4.755,4.777,41.82,2025-05-07 17:59:59.999,199.52162,4,18.68,89.33028
2025-05-07 18:00:00,4.776,4.809,4.755,4.792,39.93,2025-05-07 18:59:59.999,191.10928,5,18.08,86.58556
2025-05-07 19:00:00,4.808,4.81,4.769,4.769,11.02,2025-05-07 19:59:59.999,52.86942,4,1.53,7.3593
2025-05-07 20:00:00,4.769,4.769,4.769,4.769,0.0,2025-05-07 20:59:59.999,0.0,0,0.0,0.0
2025-05-07 21:00:00,4.822,4.822,4.822,4.822,6.69,2025-05-07 21:59:59.999,32.25918,1,6.69,32.25918
2025-05-07 22:00:00,4.822,4.822,4.822,4.822,0.0,2025-05-07 22:59:59.999,0.0,0,0.0,0.0
2025-05-07 23:00:00,4.822,4.822,4.822,4.822,0.0,2025-05-07 23:59:59.999,0.0,0,0.0,0.0
2025-05-08 00:00:00,4.822,4.822,4.822,4.822,0.0,2025-05-08 00:59:59.999,0.0,0,0.0,0.0
2025-05-08 01:00:00,4.92,4.939,4.906,4.939,49.1,2025-05-08 01:59:59.999,242.03544,6,26.14,128.7246
2025-05-08 02:00:00,4.992,5.003,4.992,5.003,26.43,2025-05-08 02:59:59.999,131.98646,3,26.43,131.98646
2025-05-08 03:00:00,5.059,5.159,5.059,5.159,223.07,2025-05-08 03:59:59.999,1138.06145,11,220.82,1126.53695
2025-05-08 04:00:00,5.207,5.218,5.197,5.204,30.66,2025-05-08 04:59:59.999,159.70027,5,16.23,84.64594
2025-05-08 05:00:00,5.204,5.204,5.204,5.204,0.0,2025-05-08 05:59:59.999,0.0,0,0.0,0.0
2025-05-08 06:00:00,5.204,5.204,5.204,5.204,0.0,2025-05-08 06:59:59.999,0.0,0,0.0,0.0
2025-05-08 07:00:00,5.204,5.204,5.204,5.204,0.0,2025-05-08 07:59:59.999,0.0,0,0.0,0.0
2025-05-08 08:00:00,5.204,5.204,5.204,5.204,0.0,2025-05-08 08:59:59.999,0.0,0,0.0,0.0
2025-05-08 09:00:00,5.208,5.208,5.202,5.205,4.58,2025-05-08 09:59:59.999,23.84106,3,1.45,7.5516
2025-05-08 10:00:00,5.217,5.236,5.217,5.236,33.79,2025-05-08 10:59:59.999,176.34285,2,33.79,176.34285
2025-05-08 11:00:00,5.236,5.236,5.236,5.236,0.0,2025-05-08 11:59:59.999,0.0,0,0.0,0.0
2025-05-08 12:00:00,5.236,5.236,5.236,5.236,0.0,2025-05-08 12:59:59.999,0.0,0,0.0,0.0
2025-05-08 13:00:00,5.236,5.236,5.236,5.236,0.0,2025-05-08 13:59:59.999,0.0,0,0.0,0.0
2025-05-08 14:00:00,5.236,5.236,5.236,5.236,0.0,2025-05-08 14:59:59.999,0.0,0,0.0,0.0
2025-05-08 15:00:00,5.273,5.678,5.269,5.5,3398.74,2025-05-08 15:59:59.999,18660.8981,52,3307.05,18164.38448
2025-05-08 16:00:00,5.556,5.587,5.539,5.58,26.9,2025-05-08 16:59:59.999,149.96173,5,17.59,97.94676
2025-05-08 17:00:00,5.547,5.553,5.547,5.553,55.73,2025-05-08 17:59:59.999,309.45849,2,55.73,309.45849
2025-05-08 18:00:00,5.501,5.507,5.499,5.499,120.48,2025-05-08 18:59:59.999,662.92488,5,0.0,0.0
2025-05-08 19:00:00,5.535,5.556,5.535,5.556,182.53,2025-05-08 19:59:59.999,1010.46591,3,182.53,1010.46591
2025-05-08 20:00:00,5.593,5.867,5.593,5.867,587.86,2025-05-08 20:59:59.999,3361.83018,23,510.15,2921.36157
2025-05-08 21:00:00,5.89,5.953,5.82,5.835,108.59,2025-05-08 21:59:59.999,638.95321,16,98.56,579.69193
2025-05-08 22:00:00,5.842,5.842,5.842,5.842,56.24,2025-05-08 22:59:59.999,328.55408,1,0.0,0.0
2025-05-08 23:00:00,5.95,6.14,5.923,6.14,145.47,2025-05-08 23:59:59.999,874.71447,18,115.55,693.31547
2025-05-09 00:00:00,6.107,6.107,6.107,6.107,32.57,2025-05-09 00:59:59.999,198.90499,1,32.57,198.90499
2025-05-09 01:00:00,6.179,6.179,6.179,6.179,1.02,2025-05-09 01:59:59.999,6.30258,1,1.02,6.30258
2025-05-09 02:00:00,6.184,6.216,6.061,6.216,58.35,2025-05-09 02:59:59.999,356.97397,7,17.56,108.73203
2025-05-09 03:00:00,6.221,6.314,6.173,6.173,431.17,2025-05-09 03:59:59.999,2711.73595,19,388.75,2447.64066
2025-05-09 04:00:00,6.199,6.199,6.199,6.199,163.97,2025-05-09 04:59:59.999,1016.45003,3,56.17,348.19783
2025-05-09 05:00:00,6.185,6.185,6.177,6.177,81.56,2025-05-09 05:59:59.999,504.11396,3,39.73,245.73005
2025-05-09 06:00:00,6.209,6.373,6.209,6.373,269.0,2025-05-09 06:59:59.999,1695.21985,10,269.0,1695.21985
2025-05-09 07:00:00,6.409,6.557,6.404,6.477,170.91,2025-05-09 07:59:59.999,1106.47617,24,139.41,903.64354
2025-05-09 08:00:00,6.568,6.668,6.418,6.492,517.78,2025-05-09 08:59:59.999,3382.06315,28,249.75,1641.79637
2025-05-09 09:00:00,6.486,6.528,6.23,6.23,483.25,2025-05-09 09:59:59.999,3061.78881,19,150.2,942.56005
2025-05-09 10:00:00,6.372,6.409,6.372,6.409,23.09,2025-05-09 10:59:59.999,147.6107,3,23.09,147.6107
2025-05-09 11:00:00,6.385,6.389,6.329,6.358,46.04,2025-05-09 11:59:59.999,293.02529,6,22.89,145.88094
2025-05-09 12:00:00,6.319,6.331,6.319,6.331,14.82,2025-05-09 12:59:59.999,93.73458,2,7.57,47.83483
2025-05-09 13:00:00,6.286,6.347,6.286,6.329,55.32,2025-05-09 13:59:59.999,348.30843,6,5.92,37.57424
2025-05-09 14:00:00,6.33,6.33,6.173,6.173,72.62,2025-05-09 14:59:59.999,452.96961,9,7.18,45.06886
2025-05-09 15:00:00,6.244,6.263,6.205,6.205,348.13,2025-05-09 15:59:59.999,2165.75233,9,17.89,111.67495
2025-05-09 16:00:00,6.258,6.314,6.258,6.265,27.55,2025-05-09 16:59:59.999,173.17958,3,20.67,130.07638
2025-05-09 17:00:00,6.319,6.373,6.319,6.373,33.36,2025-05-09 17:59:59.999,211.26242,3,11.14,70.56538
2025-05-09 18:00:00,6.322,6.322,6.322,6.322,8.59,2025-05-09 18:59:59.999,54.30598,1,0.0,0.0
2025-05-09 19:00:00,6.299,6.299,6.299,6.299,0.16,2025-05-09 19:59:59.999,1.00784,1,0.0,0.0
2025-05-09 20:00:00,6.327,6.332,6.274,6.274,10.26,2025-05-09 20:59:59.999,64.4951,5,0.16,1.01248
2025-05-09 21:00:00,6.274,6.274,6.274,6.274,0.0,2025-05-09 21:59:59.999,0.0,0,0.0,0.0
2025-05-09 22:00:00,6.302,6.302,6.302,6.302,69.55,2025-05-09 22:59:59.999,438.3041,2,0.0,0.0
2025-05-09 23:00:00,6.302,6.302,6.302,6.302,26.34,2025-05-09 23:59:59.999,165.99468,1,26.34,165.99468
2025-05-10 00:00:00,6.398,6.758,6.398,6.465,1362.67,2025-05-10 00:59:59.999,8935.04037,62,1201.31,7875.93024
2025-05-10 01:00:00,6.465,6.465,6.465,6.465,0.0,2025-05-10 01:59:59.999,0.0,0,0.0,0.0
2025-05-10 02:00:00,6.482,6.497,6.482,6.497,15.63,2025-05-10 02:59:59.999,101.46551,3,7.49,48.57993
2025-05-10 03:00:00,6.438,6.438,6.438,6.438,0.16,2025-05-10 03:59:59.999,1.03008,1,0.0,0.0
2025-05-10 04:00:00,6.373,6.373,6.373,6.373,3.3,2025-05-10 04:59:59.999,21.0309,1,0.0,0.0
2025-05-10 05:00:00,6.373,6.373,6.373,6.373,0.0,2025-05-10 05:59:59.999,0.0,0,0.0,0.0
2025-05-10 06:00:00,6.466,6.468,6.466,6.468,8.52,2025-05-10 06:59:59.999,55.09064,2,8.52,55.09064
2025-05-10 07:00:00,6.568,6.643,6.568,6.603,419.33,2025-05-10 07:59:59.999,2775.68876,11,403.56,2671.44594
2025-05-10 08:00:00,6.668,6.668,6.555,6.555,40.87,2025-05-10 08:59:59.999,270.32302,4,18.17,120.7978
2025-05-10 09:00:00,6.536,6.661,6.536,6.661,18.11,2025-05-10 09:59:59.999,119.35749,3,7.33,48.82513
2025-05-10 10:00:00,6.685,6.725,6.653,6.653,71.39,2025-05-10 10:59:59.999,477.84095,5,57.22,383.26554
2025-05-10 11:00:00,6.632,6.632,6.55,6.55,345.83,2025-05-10 11:59:59.999,2283.11058,8,138.45,918.2004
2025-05-10 12:00:00,6.617,6.642,6.617,6.642,14.91,2025-05-10 12:59:59.999,98.83635,3,7.95,52.60803
2025-05-10 13:00:00,6.59,6.639,6.59,6.639,55.51,2025-05-10 13:59:59.999,367.9233,3,45.2,299.9804
2025-05-10 14:00:00,6.683,6.736,6.663,6.709,409.01,2025-05-10 14:59:59.999,2749.81029,7,395.62,2660.15046
2025-05-10 15:00:00,6.664,6.77,6.664,6.77,64.82,2025-05-10 15:59:59.999,437.8376,7,56.88,384.87138
2025-05-10 16:00:00,6.789,6.91,6.789,6.91,128.22,2025-05-10 16:59:59.999,878.33393,14,115.58,792.12125
2025-05-10 17:00:00,6.94,7.023,6.821,6.821,1486.24,2025-05-10 17:59:59.999,10376.04358,26,1270.12,8883.45003
2025-05-10 18:00:00,6.944,6.944,6.944,6.944,7.89,2025-05-10 18:59:59.999,54.78816,1,7.89,54.78816
2025-05-10 19:00:00,6.906,6.906,6.874,6.874,20.31,2025-05-10 19:59:59.999,140.19686,2,0.0,0.0
2025-05-10 20:00:00,6.866,6.866,6.814,6.836,54.12,2025-05-10 20:59:59.999,370.04346,3,43.89,300.03204
2025-05-10 21:00:00,6.933,6.97,6.919,6.97,52.21,2025-05-10 21:59:59.999,363.56215,3,52.21,363.56215
2025-05-10 22:00:00,6.977,7.154,6.977,7.154,399.74,2025-05-10 22:59:59.999,2821.53474,16,396.12,2796.04994
2025-05-10 23:00:00,7.154,7.57,7.139,7.493,248.87,2025-05-10 23:59:59.999,1828.09706,30,135.49,991.40414
2025-05-11 00:00:00,7.529,7.529,7.245,7.368,855.72,2025-05-11 00:59:59.999,6403.88057,18,18.43,136.37805
2025-05-11 01:00:00,7.33,7.369,7.197,7.226,52.47,2025-05-11 01:59:59.999,381.93441,8,18.06,131.83638
2025-05-11 02:00:00,7.305,7.305,7.305,7.305,6.75,2025-05-11 02:59:59.999,49.30875,1,6.75,49.30875
2025-05-11 03:00:00,7.361,7.411,7.304,7.304,168.47,2025-05-11 03:59:59.999,1232.0805,4,23.56,173.58416
2025-05-11 04:00:00,7.281,7.303,7.242,7.271,9.47,2025-05-11 04:59:59.999,68.70729,5,2.76,20.10372
2025-05-11 05:00:00,7.23,7.272,7.23,7.272,42.99,2025-05-11 05:59:59.999,312.20949,3,41.99,304.97949
2025-05-11 06:00:00,7.216,7.251,7.117,7.117,176.38,2025-05-11 06:59:59.999,1262.91652,52,5.67,40.93227
2025-05-11 07:00:00,7.06,7.06,6.991,6.991,39.4,2025-05-11 07:59:59.999,277.36468,7,2.52,17.67407
2025-05-11 08:00:00,6.991,6.991,6.991,6.991,0.0,2025-05-11 08:59:59.999,0.0,0,0.0,0.0
2025-05-11 09:00:00,7.083,7.136,7.083,7.126,9.59,2025-05-11 09:59:59.999,68.21005,4,4.3,30.6709
2025-05-11 10:00:00,7.126,7.126,7.126,7.126,0.0,2025-05-11 10:59:59.999,0.0,0,0.0,0.0
2025-05-11 11:00:00,7.126,7.126,7.126,7.126,4.0,2025-05-11 11:59:59.999,28.504,1,0.0,0.0
2025-05-11 12:00:00,7.007,7.054,7.007,7.054,2.01,2025-05-11 12:59:59.999,14.15692,2,0.0,0.0
2025-05-11 13:00:00,7.099,7.135,6.813,6.813,272.69,2025-05-11 13:59:59.999,1870.65904,43,4.48,31.80324
2025-05-11 14:00:00,6.857,6.857,6.8,6.8,43.21,2025-05-11 14:59:59.999,294.95717,2,19.81,135.83717
2025-05-11 15:00:00,6.8,6.8,6.8,6.8,6.59,2025-05-11 15:59:59.999,44.812,1,0.0,0.0
2025-05-11 16:00:00,6.744,6.81,6.742,6.81,34.07,2025-05-11 16:59:59.999,230.54822,4,19.4,131.64012
2025-05-11 17:00:00,6.874,6.889,6.874,6.889,86.97,2025-05-11 17:59:59.999,597.90633,2,86.97,597.90633
2025-05-11 18:00:00,6.897,6.897,6.897,6.897,12.92,2025-05-11 18:59:59.999,89.10924,1,12.92,89.10924
2025-05-11 19:00:00,6.897,6.897,6.897,6.897,0.0,2025-05-11 19:59:59.999,0.0,0,0.0,0.0
2025-05-11 20:00:00,6.897,6.897,6.897,6.897,0.0,2025-05-11 20:59:59.999,0.0,0,0.0,0.0
2025-05-11 21:00:00,6.897,6.897,6.897,6.897,0.0,2025-05-11 21:59:59.999,0.0,0,0.0,0.0
2025-05-11 22:00:00,6.977,7.0,6.977,7.0,60.33,2025-05-11 22:59:59.999,422.2185,4,60.33,422.2185
2025-05-11 23:00:00,6.891,6.891,6.891,6.891,0.15,2025-05-11 23:59:59.999,1.03365,1,0.0,0.0
2025-05-12 00:00:00,6.891,6.891,6.891,6.891,0.0,2025-05-12 00:59:59.999,0.0,0,0.0,0.0
2025-05-12 01:00:00,7.0,7.007,6.859,6.923,43.53,2025-05-12 01:59:59.999,302.10184,6,20.85,146.00796
2025-05-12 02:00:00,6.98,6.98,6.98,6.98,19.47,2025-05-12 02:59:59.999,135.9006,1,19.47,135.9006
2025-05-12 03:00:00,7.051,7.051,7.051,7.051,2.83,2025-05-12 03:59:59.999,19.95433,1,2.83,19.95433
2025-05-12 04:00:00,7.028,7.084,7.02,7.084,15.35,2025-05-12 04:59:59.999,108.41524,4,9.82,69.5516
2025-05-12 05:00:00,7.031,7.031,7.0,7.0,1105.38,2025-05-12 05:59:59.999,7737.86584,10,0.0,0.0
2025-05-12 06:00:00,6.999,7.053,6.999,7.053,7.29,2025-05-12 06:59:59.999,51.03081,2,7.29,51.03081
2025-05-12 07:00:00,7.086,7.368,7.086,7.184,708.59,2025-05-12 07:59:59.999,5094.81542,30,491.16,3536.35608
2025-05-12 08:00:00,7.117,7.117,7.117,7.117,3.72,2025-05-12 08:59:59.999,26.47524,1,0.0,0.0
2025-05-12 09:00:00,7.127,7.127,7.107,7.107,13.71,2025-05-12 09:59:59.999,97.51117,2,0.0,0.0
2025-05-12 10:00:00,7.092,7.206,7.092,7.206,26.45,2025-05-12 10:59:59.999,189.35109,5,26.3,188.28729
2025-05-12 11:00:00,7.158,7.158,7.03,7.03,14.93,2025-05-12 11:59:59.999,105.22029,4,1.23,8.80434
2025-05-12 12:00:00,7.076,7.076,7.076,7.076,0.15,2025-05-12 12:59:59.999,1.0614,1,0.15,1.0614
2025-05-12 13:00:00,7.128,7.162,7.113,7.113,25.93,2025-05-12 13:59:59.999,184.82772,6,12.66,90.3632
2025-05-12 14:00:00,7.102,7.185,6.925,6.925,232.9,2025-05-12 14:59:59.999,1631.28706,6,5.55,39.87675
2025-05-12 15:00:00,6.876,6.937,6.876,6.909,31.8,2025-05-12 15:59:59.999,219.33222,5,9.4,64.93858
2025-05-12 16:00:00,6.915,6.915,6.904,6.904,12.67,2025-05-12 16:59:59.999,87.54683,2,6.65,45.98475
2025-05-12 17:00:00,6.88,6.88,6.878,6.878,4.93,2025-05-12 17:59:59.999,33.90884,2,0.0,0.0
2025-05-12 18:00:00,6.821,6.821,6.618,6.704,452.95,2025-05-12 18:59:59.999,3040.72023,18,30.21,201.81058
2025-05-12 19:00:00,6.77,6.819,6.75,6.819,57.28,2025-05-12 19:59:59.999,388.85217,4,40.19,273.49467
2025-05-12 20:00:00,6.847,6.912,6.847,6.912,25.44,2025-05-12 20:59:59.999,174.28011,3,25.44,174.28011
2025-05-12 21:00:00,6.888,6.888,6.859,6.859,19.39,2025-05-12 21:59:59.999,133.34372,3,18.29,125.76692
2025-05-12 22:00:00,6.859,6.859,6.859,6.859,0.0,2025-05-12 22:59:59.999,0.0,0,0.0,0.0
2025-05-12 23:00:00,6.859,6.859,6.859,6.859,0.0,2025-05-12 23:59:59.999,0.0,0,0.0,0.0
2025-05-13 00:00:00,6.859,6.859,6.859,6.859,0.0,2025-05-13 00:59:59.999,0.0,0,0.0,0.0
2025-05-13 01:00:00,6.732,6.732,6.719,6.719,5.51,2025-05-13 01:59:59.999,37.05107,2,0.0,0.0
2025-05-13 02:00:00,6.678,6.678,6.604,6.604,17.27,2025-05-13 02:59:59.999,114.57388,3,0.0,0.0
2025-05-13 03:00:00,6.604,6.604,6.55,6.55,140.36,2025-05-13 03:59:59.999,920.79523,5,95.28,624.084
2025-05-13 04:00:00,6.55,6.55,6.55,6.55,0.0,2025-05-13 04:59:59.999,0.0,0,0.0,0.0
2025-05-13 05:00:00,6.68,6.68,6.68,6.68,22.67,2025-05-13 05:59:59.999,151.4356,1,22.67,151.4356
2025-05-13 06:00:00,6.68,6.68,6.68,6.68,0.0,2025-05-13 06:59:59.999,0.0,0,0.0,0.0
2025-05-13 07:00:00,6.66,6.66,6.66,6.66,0.16,2025-05-13 07:59:59.999,1.0656,1,0.0,0.0
2025-05-13 08:00:00,6.66,6.66,6.66,6.66,0.0,2025-05-13 08:59:59.999,0.0,0,0.0,0.0
2025-05-13 09:00:00,6.691,6.77,6.691,6.769,45.39,2025-05-13 09:59:59.999,306.64981,6,33.96,229.86307
2025-05-13 10:00:00,6.742,6.742,6.742,6.742,7.52,2025-05-13 10:59:59.999,50.69984,1,0.0,0.0
2025-05-13 11:00:00,6.741,6.778,6.741,6.778,7.72,2025-05-13 11:59:59.999,52.04682,3,7.57,51.03492
2025-05-13 12:00:00,6.873,6.873,6.873,6.873,3.18,2025-05-13 12:59:59.999,21.85614,1,3.18,21.85614
2025-05-13 13:00:00,6.793,6.85,6.782,6.782,23.23,2025-05-13 13:59:59.999,158.55734,4,6.71,45.90982
2025-05-13 14:00:00,6.822,6.822,6.719,6.719,15.76,2025-05-13 14:59:59.999,107.05586,3,6.6,45.0252
2025-05-13 15:00:00,6.837,6.867,6.837,6.839,8.08,2025-05-13 15:59:59.999,55.25704,3,7.64,52.24788
2025-05-13 16:00:00,6.873,6.964,6.873,6.964,67.06,2025-05-13 16:59:59.999,465.26025,8,36.1,250.84278
2025-05-13 17:00:00,6.977,7.009,6.977,7.003,20.38,2025-05-13 17:59:59.999,142.65153,5,15.38,107.63221
2025-05-13 18:00:00,7.053,7.086,7.038,7.086,1011.9,2025-05-13 18:59:59.999,7155.00406,9,974.84,6893.20782
2025-05-13 19:00:00,7.165,7.345,7.165,7.213,147.9,2025-05-13 19:59:59.999,1071.27268,20,97.77,708.31614
2025-05-13 20:00:00,7.158,7.158,7.137,7.137,19.86,2025-05-13 20:59:59.999,142.05575,3,0.0,0.0
2025-05-13 21:00:00,7.143,7.143,7.119,7.119,141.99,2025-05-13 21:59:59.999,1010.99913,2,134.81,959.71239
2025-05-13 22:00:00,7.136,7.136,7.093,7.093,2.26,2025-05-13 22:59:59.999,16.03663,2,0.0,0.0
2025-05-13 23:00:00,7.09,7.09,7.06,7.06,152.41,2025-05-13 23:59:59.999,1076.2963,3,0.0,0.0
2025-05-14 00:00:00,7.06,7.06,7.06,7.06,0.0,2025-05-14 00:59:59.999,0.0,0,0.0,0.0
2025-05-14 01:00:00,7.08,7.143,7.017,7.017,121.99,2025-05-14 01:59:59.999,864.01752,35,7.0,49.8785
2025-05-14 02:00:00,6.982,6.982,6.892,6.892,213.33,2025-05-14 02:59:59.999,1476.31641,10,0.0,0.0
2025-05-14 03:00:00,6.892,6.892,6.879,6.879,13.72,2025-05-14 03:59:59.999,94.46464,3,0.0,0.0
2025-05-14 04:00:00,6.914,6.924,6.906,6.924,41.68,2025-05-14 04:59:59.999,288.2643,4,41.68,288.2643
2025-05-14 05:00:00,6.953,6.953,6.953,6.953,0.15,2025-05-14 05:59:59.999,1.04295,1,0.15,1.04295
2025-05-14 06:00:00,6.878,6.878,6.878,6.878,3.01,2025-05-14 06:59:59.999,20.70278,1,0.0,0.0
2025-05-14 07:00:00,6.854,6.854,6.789,6.789,73.13,2025-05-14 07:59:59.999,499.60239,6,36.54,249.97014
2025-05-14 08:00:00,6.777,6.777,6.677,6.677,38.52,2025-05-14 08:59:59.999,259.63607,8,0.0,0.0
2025-05-14 09:00:00,6.655,6.677,6.655,6.677,18.57,2025-05-14 09:59:59.999,123.63879,2,0.0,0.0
2025-05-14 10:00:00,6.727,6.739,6.713,6.713,17.33,2025-05-14 10:59:59.999,116.57087,3,4.16,28.03424
2025-05-14 11:00:00,6.739,6.795,6.739,6.795,64.19,2025-05-14 11:59:59.999,435.42298,5,57.68,391.54784
2025-05-14 12:00:00,6.755,6.778,6.707,6.707,53.3,2025-05-14 12:59:59.999,360.4533,4,3.15,21.34725
2025-05-14 13:00:00,6.677,6.763,6.644,6.644,50.93,2025-05-14 13:59:59.999,339.84437,8,7.83,52.79454
2025-05-14 14:00:00,6.626,6.626,6.618,6.618,11.25,2025-05-14 14:59:59.999,74.5165,2,0.0,0.0
2025-05-14 15:00:00,6.611,6.611,6.611,6.611,3.71,2025-05-14 15:59:59.999,24.52681,1,0.0,0.0
2025-05-14 16:00:00,6.611,6.611,6.611,6.611,0.0,2025-05-14 16:59:59.999,0.0,0,0.0,0.0
2025-05-14 17:00:00,6.589,6.589,6.546,6.546,191.28,2025-05-14 17:59:59.999,1257.72954,7,18.04,118.73928
2025-05-14 18:00:00,6.631,6.631,6.631,6.631,3.75,2025-05-14 18:59:59.999,24.86625,1,3.75,24.86625
2025-05-14 19:00:00,6.613,6.613,6.613,6.613,20.0,2025-05-14 19:59:59.999,132.26,1,20.0,132.26
2025-05-14 20:00:00,6.625,6.625,6.625,6.625,5.77,2025-05-14 20:59:59.999,38.22625,1,5.77,38.22625
2025-05-14 21:00:00,6.625,6.625,6.625,6.625,0.0,2025-05-14 21:59:59.999,0.0,0,0.0,0.0
2025-05-14 22:00:00,6.625,6.625,6.625,6.625,0.0,2025-05-14 22:59:59.999,0.0,0,0.0,0.0
2025-05-14 23:00:00,6.595,6.619,6.574,6.602,55.24,2025-05-14 23:59:59.999,364.27567,5,18.9,124.91899
2025-05-15 00:00:00,6.663,6.77,6.663,6.722,403.72,2025-05-15 00:59:59.999,2715.65325,11,366.84,2468.61333
2025-05-15 01:00:00,6.707,6.707,6.546,6.546,28.41,2025-05-15 01:59:59.999,188.42184,9,2.21,14.77164
2025-05-15 02:00:00,6.631,6.696,6.631,6.696,11.19,2025-05-15 02:59:59.999,74.5614,3,11.19,74.5614
2025-05-15 03:00:00,6.611,6.611,6.611,6.611,3.71,2025-05-15 03:59:59.999,24.52681,1,0.0,0.0
2025-05-15 04:00:00,6.611,6.611,6.611,6.611,0.0,2025-05-15 04:59:59.999,0.0,0,0.0,0.0
2025-05-15 05:00:00,6.578,6.578,6.509,6.509,62.17,2025-05-15 05:59:59.999,406.77103,8,0.0,0.0
2025-05-15 06:00:00,6.5,6.5,6.449,6.449,24.06,2025-05-15 06:59:59.999,155.62258,5,0.0,0.0
2025-05-15 07:00:00,6.435,6.435,6.328,6.328,48.78,2025-05-15 07:59:59.999,312.26549,8,0.0,0.0
2025-05-15 08:00:00,6.435,6.435,6.435,6.435,3.86,2025-05-15 08:59:59.999,24.8391,1,3.86,24.8391
2025-05-15 09:00:00,6.468,6.468,6.322,6.338,34.03,2025-05-15 09:59:59.999,217.18111,8,8.66,55.5357
2025-05-15 10:00:00,6.381,6.381,6.291,6.291,7.0,2025-05-15 10:59:59.999,44.29089,3,2.79,17.80299
2025-05-15 11:00:00,6.372,6.372,6.355,6.355,82.57,2025-05-15 11:59:59.999,524.79865,2,3.9,24.8508
2025-05-15 12:00:00,6.404,6.435,6.404,6.435,382.15,2025-05-15 12:59:59.999,2456.62793,4,382.15,2456.62793
2025-05-15 13:00:00,6.353,6.353,6.26,6.26,50.17,2025-05-15 13:59:59.999,315.5364,7,0.0,0.0
2025-05-15 14:00:00,6.23,6.23,6.183,6.183,18.83,2025-05-15 14:59:59.999,116.94604,6,0.0,0.0
2025-05-15 15:00:00,6.278,6.404,6.278,6.404,22.78,2025-05-15 15:59:59.999,144.53952,6,22.78,144.53952
2025-05-15 16:00:00,6.435,6.47,6.435,6.47,10.88,2025-05-15 16:59:59.999,70.25082,3,10.88,70.25082
2025-05-15 17:00:00,6.5,6.5,6.417,6.417,7.64,2025-05-15 17:59:59.999,49.34294,2,3.82,24.83
2025-05-15 18:00:00,6.385,6.385,6.23,6.23,57.84,2025-05-15 18:59:59.999,363.10513,8,31.94,199.65694
2025-05-15 19:00:00,6.229,6.229,6.198,6.198,7.9,2025-05-15 19:59:59.999,49.08634,2,0.0,0.0
2025-05-15 20:00:00,6.278,6.278,6.236,6.236,4.31,2025-05-15 20:59:59.999,27.04348,2,3.96,24.86088
2025-05-15 21:00:00,6.198,6.198,6.166,6.166,72.81,2025-05-15 21:59:59.999,449.07716,3,0.0,0.0
2025-05-15 22:00:00,6.247,6.247,6.19,6.193,46.38,2025-05-15 22:59:59.999,287.3256,3,3.98,24.86306
2025-05-15 23:00:00,6.167,6.215,6.124,6.215,40.71,2025-05-15 23:59:59.999,249.93343,5,4.0,24.86
2025-05-16 00:00:00,6.247,6.247,6.247,6.247,3.98,2025-05-16 00:59:59.999,24.86306,1,3.98,24.86306
2025-05-16 01:00:00,6.247,6.247,6.247,6.247,0.0,2025-05-16 01:59:59.999,0.0,0,0.0,0.0
2025-05-16 02:00:00,6.27,6.309,6.27,6.309,107.71,2025-05-16 02:59:59.999,675.55248,4,107.71,675.55248
2025-05-16 03:00:00,6.309,6.309,6.309,6.309,0.0,2025-05-16 03:59:59.999,0.0,0,0.0,0.0
2025-05-16 04:00:00,6.341,6.341,6.341,6.341,3.92,2025-05-16 04:59:59.999,24.85672,1,3.92,24.85672
2025-05-16 05:00:00,6.359,6.359,6.359,6.359,9.71,2025-05-16 05:59:59.999,61.74589,1,0.0,0.0
2025-05-16 06:00:00,6.372,6.373,6.372,6.373,7.08,2025-05-16 06:59:59.999,45.11694,2,7.08,45.11694
2025-05-16 07:00:00,6.373,6.373,6.373,6.373,0.0,2025-05-16 07:59:59.999,0.0,0,0.0,0.0
2025-05-16 08:00:00,6.291,6.291,6.229,6.229,15.01,2025-05-16 08:59:59.999,93.86386,4,0.0,0.0
2025-05-16 09:00:00,6.309,6.372,6.309,6.372,16.15,2025-05-16 09:59:59.999,102.33173,4,11.76,74.56498
2025-05-16 10:00:00,6.36,6.404,6.36,6.404,17.06,2025-05-16 10:59:59.999,108.71366,3,7.06,45.11366
2025-05-16 11:00:00,6.435,6.435,6.393,6.394,160.11,2025-05-16 11:59:59.999,1023.76657,3,160.11,1023.76657
2025-05-16 12:00:00,6.353,6.353,6.322,6.322,7.74,2025-05-16 12:59:59.999,49.05194,2,0.0,0.0
2025-05-16 13:00:00,6.291,6.318,6.291,6.318,4.9,2025-05-16 13:59:59.999,30.8529,2,0.0,0.0
2025-05-16 14:00:00,6.26,6.26,6.229,6.23,9.88,2025-05-16 14:59:59.999,61.6695,4,2.21,13.7683
2025-05-16 15:00:00,6.23,6.23,6.23,6.23,0.0,2025-05-16 15:59:59.999,0.0,0,0.0,0.0
2025-05-16 16:00:00,6.279,6.279,6.229,6.229,3.6,2025-05-16 16:59:59.999,22.4324,2,0.0,0.0
2025-05-16 17:00:00,6.229,6.229,6.229,6.229,0.0,2025-05-16 17:59:59.999,0.0,0,0.0,0.0
2025-05-16 18:00:00,6.229,6.229,6.229,6.229,0.0,2025-05-16 18:59:59.999,0.0,0,0.0,0.0
2025-05-16 19:00:00,6.215,6.215,6.215,6.215,80.45,2025-05-16 19:59:59.999,499.99675,1,0.0,0.0
2025-05-16 20:00:00,6.198,6.198,6.146,6.146,11.36,2025-05-16 20:59:59.999,70.10806,3,0.0,0.0
2025-05-16 21:00:00,6.146,6.146,6.146,6.146,0.0,2025-05-16 21:59:59.999,0.0,0,0.0,0.0
2025-05-16 22:00:00,6.137,6.137,6.045,6.045,57.01,2025-05-16 22:59:59.999,347.71648,8,0.0,0.0
2025-05-16 23:00:00,6.114,6.124,6.114,6.124,5.71,2025-05-16 23:59:59.999,34.95154,2,5.71,34.95154
2025-05-17 00:00:00,6.046,6.046,5.954,5.954,133.25,2025-05-17 00:59:59.999,799.02722,9,0.0,0.0
2025-05-17 01:00:00,5.927,5.937,5.865,5.865,210.56,2025-05-17 01:59:59.999,1241.34983,8,29.66,176.09142
2025-05-17 02:00:00,5.944,5.944,5.944,5.944,4.18,2025-05-17 02:59:59.999,24.84592,1,4.18,24.84592
2025-05-17 03:00:00,5.868,5.928,5.868,5.928,96.08,2025-05-17 03:59:59.999,569.04756,5,1.99,11.77284
2025-05-17 04:00:00,5.916,5.973,5.916,5.973,10.32,2025-05-17 04:59:59.999,61.40728,4,8.34,49.6936
2025-05-17 05:00:00,5.897,5.897,5.897,5.897,4.16,2025-05-17 05:59:59.999,24.53152,1,0.0,0.0
2025-05-17 06:00:00,5.897,5.897,5.897,5.897,0.0,2025-05-17 06:59:59.999,0.0,0,0.0,0.0
2025-05-17 07:00:00,5.897,5.897,5.897,5.897,0.0,2025-05-17 07:59:59.999,0.0,0,0.0,0.0
2025-05-17 08:00:00,5.892,5.892,5.868,5.868,5.87,2025-05-17 08:59:59.999,34.48572,2,1.69,9.95748
2025-05-17 09:00:00,5.839,5.839,5.827,5.827,159.78,2025-05-17 09:59:59.999,931.63846,4,0.0,0.0
2025-05-17 10:00:00,5.906,5.906,5.906,5.906,84.65,2025-05-17 10:59:59.999,499.9429,1,84.65,499.9429
2025-05-17 11:00:00,5.906,5.906,5.906,5.906,0.0,2025-05-17 11:59:59.999,0.0,0,0.0,0.0
2025-05-17 12:00:00,5.906,5.906,5.906,5.906,0.0,2025-05-17 12:59:59.999,0.0,0,0.0,0.0
2025-05-17 13:00:00,5.81,5.81,5.753,5.755,19.72,2025-05-17 13:59:59.999,113.98841,6,0.0,0.0
2025-05-17 14:00:00,5.827,5.857,5.827,5.857,8.52,2025-05-17 14:59:59.999,49.77354,2,8.52,49.77354
2025-05-17 15:00:00,5.857,5.857,5.857,5.857,0.0,2025-05-17 15:59:59.999,0.0,0,0.0,0.0
2025-05-17 16:00:00,5.782,5.782,5.703,5.703,25.27,2025-05-17 16:59:59.999,144.75415,4,0.0,0.0
2025-05-17 17:00:00,5.77,5.77,5.77,5.77,0.17,2025-05-17 17:59:59.999,0.9809,1,0.17,0.9809
2025-05-17 18:00:00,5.797,5.797,5.797,5.797,0.18,2025-05-17 18:59:59.999,1.04346,1,0.18,1.04346
2025-05-17 19:00:00,5.797,5.797,5.797,5.797,0.0,2025-05-17 19:59:59.999,0.0,0,0.0,0.0
2025-05-17 20:00:00,5.797,5.797,5.797,5.797,0.0,2025-05-17 20:59:59.999,0.0,0,0.0,0.0
2025-05-17 21:00:00,5.797,5.797,5.797,5.797,0.0,2025-05-17 21:59:59.999,0.0,0,0.0,0.0
2025-05-17 22:00:00,5.7,5.7,5.668,5.668,20.66,2025-05-17 22:59:59.999,117.5737,4,0.0,0.0
2025-05-17 23:00:00,5.741,5.741,5.741,5.741,4.33,2025-05-17 23:59:59.999,24.85853,1,4.33,24.85853
2025-05-18 00:00:00,5.741,5.741,5.741,5.741,0.0,2025-05-18 00:59:59.999,0.0,0,0.0,0.0
2025-05-18 01:00:00,5.752,5.752,5.752,5.752,0.87,2025-05-18 01:59:59.999,5.00424,1,0.87,5.00424
2025-05-18 02:00:00,5.752,5.752,5.752,5.752,0.0,2025-05-18 02:59:59.999,0.0,0,0.0,0.0
2025-05-18 03:00:00,5.752,5.752,5.752,5.752,0.0,2025-05-18 03:59:59.999,0.0,0,0.0,0.0
2025-05-18 04:00:00,5.77,5.77,5.77,5.77,4.31,2025-05-18 04:59:59.999,24.8687,1,4.31,24.8687
2025-05-18 05:00:00,5.798,5.914,5.798,5.914,48.73,2025-05-18 05:59:59.999,285.26836,10,48.73,285.26836
2025-05-18 06:00:00,5.944,5.944,5.944,5.944,4.18,2025-05-18 06:59:59.999,24.84592,1,4.18,24.84592
2025-05-18 07:00:00,5.966,5.966,5.966,5.966,39.41,2025-05-18 07:59:59.999,235.12006,1,0.0,0.0
2025-05-18 08:00:00,5.973,6.033,5.973,6.033,294.3,2025-05-18 08:59:59.999,1763.07116,7,294.3,1763.07116
2025-05-18 09:00:00,6.008,6.008,5.956,5.956,7.88,2025-05-18 09:59:59.999,47.1288,2,0.0,0.0
2025-05-18 10:00:00,5.927,5.927,5.927,5.927,4.14,2025-05-18 10:59:59.999,24.53778,1,0.0,0.0
2025-05-18 11:00:00,5.897,5.897,5.897,5.897,4.16,2025-05-18 11:59:59.999,24.53152,1,0.0,0.0
2025-05-18 12:00:00,5.892,5.939,5.882,5.939,4.36,2025-05-18 12:59:59.999,25.66337,4,0.51,3.01767
2025-05-18 13:00:00,5.967,6.033,5.967,6.033,12.93,2025-05-18 13:59:59.999,77.61561,6,12.93,77.61561
2025-05-18 14:00:00,6.062,6.215,6.062,6.215,224.34,2025-05-18 14:59:59.999,1374.28312,16,224.34,1374.28312
2025-05-18 15:00:00,6.229,6.309,6.229,6.309,114.28,2025-05-18 15:59:59.999,712.70571,9,114.28,712.70571
2025-05-18 16:00:00,6.279,6.308,6.279,6.286,10.88,2025-05-18 16:59:59.999,68.46536,4,4.12,25.97312
2025-05-18 17:00:00,6.279,6.279,6.065,6.065,32.71,2025-05-18 17:59:59.999,201.08882,11,0.0,0.0
2025-05-18 18:00:00,6.046,6.046,5.954,5.954,31.41,2025-05-18 18:59:59.999,188.59131,9,0.0,0.0
2025-05-18 19:00:00,5.939,5.939,5.839,5.839,171.89,2025-05-18 19:59:59.999,1017.51558,8,0.0,0.0
2025-05-18 20:00:00,5.81,5.827,5.69,5.827,116.67,2025-05-18 20:59:59.999,674.53006,13,16.05,93.13101
2025-05-18 21:00:00,5.857,5.944,5.857,5.868,131.4,2025-05-18 21:59:59.999,773.49627,8,127.22,748.96803
2025-05-18 22:00:00,5.839,5.973,5.81,5.973,27.36,2025-05-18 22:59:59.999,161.29072,7,16.76,99.3671
2025-05-18 23:00:00,5.983,6.154,5.983,6.154,34.27,2025-05-18 23:59:59.999,208.06621,12,33.44,203.05716
2025-05-19 00:00:00,6.076,6.154,5.939,5.939,38.5,2025-05-19 00:59:59.999,232.44582,12,4.04,24.86216
2025-05-19 01:00:00,5.927,5.927,5.89,5.89,9.37,2025-05-19 01:59:59.999,55.37942,4,1.07,6.31012
2025-05-19 02:00:00,5.868,5.868,5.81,5.834,24.42,2025-05-19 02:59:59.999,142.62887,5,8.57,49.99738
2025-05-19 03:00:00,5.817,5.817,5.753,5.753,20.65,2025-05-19 03:59:59.999,119.56902,4,0.0,0.0
2025-05-19 04:00:00,5.724,5.724,5.668,5.668,34.7,2025-05-19 04:59:59.999,197.14018,6,0.88,5.016
2025-05-19 05:00:00,5.741,5.741,5.741,5.741,4.33,2025-05-19 05:59:59.999,24.85853,1,4.33,24.85853
2025-05-19 06:00:00,5.77,5.77,5.668,5.668,12.95,2025-05-19 06:59:59.999,73.9609,3,4.31,24.8687
2025-05-19 07:00:00,5.741,5.798,5.74,5.798,14.64,2025-05-19 07:59:59.999,84.41605,4,12.93,74.60065
2025-05-19 08:00:00,5.747,5.747,5.724,5.724,11.29,2025-05-19 08:59:59.999,64.78496,2,7.0,40.229
2025-05-19 09:00:00,5.723,5.723,5.723,5.723,5.79,2025-05-19 09:59:59.999,33.13617,1,0.0,0.0
2025-05-19 10:00:00,5.723,5.723,5.723,5.723,0.0,2025-05-19 10:59:59.999,0.0,0,0.0,0.0
2025-05-19 11:00:00,5.723,5.723,5.723,5.723,0.0,2025-05-19 11:59:59.999,0.0,0,0.0,0.0
2025-05-19 12:00:00,5.696,5.696,5.696,5.696,4.31,2025-05-19 12:59:59.999,24.54976,1,0.0,0.0
2025-05-19 13:00:00,5.696,5.82,5.696,5.82,64.26,2025-05-19 13:59:59.999,367.1758,4,64.26,367.1758
2025-05-19 14:00:00,5.827,5.843,5.827,5.843,8.0,2025-05-19 14:59:59.999,46.67568,2,8.0,46.67568
2025-05-19 15:00:00,5.857,5.857,5.822,5.822,30.73,2025-05-19 15:59:59.999,179.05881,2,4.25,24.89225
2025-05-19 16:00:00,5.822,5.973,5.822,5.973,37.12,2025-05-19 16:59:59.999,218.17968,6,37.12,218.17968
2025-05-19 17:00:00,5.999,6.033,5.956,5.956,15.56,2025-05-19 17:59:59.999,93.32806,4,11.44,68.78934
2025-05-19 18:00:00,5.927,5.938,5.897,5.91,283.23,2025-05-19 18:59:59.999,1680.55672,5,0.0,0.0
2025-05-19 19:00:00,5.973,5.973,5.973,5.973,4.16,2025-05-19 19:59:59.999,24.84768,1,4.16,24.84768
2025-05-19 20:00:00,5.973,5.973,5.973,5.973,0.0,2025-05-19 20:59:59.999,0.0,0,0.0,0.0
2025-05-19 21:00:00,5.973,5.973,5.973,5.973,0.0,2025-05-19 21:59:59.999,0.0,0,0.0,0.0
2025-05-19 22:00:00,5.973,5.973,5.973,5.973,0.0,2025-05-19 22:59:59.999,0.0,0,0.0,0.0
2025-05-19 23:00:00,5.897,5.897,5.897,5.897,4.16,2025-05-19 23:59:59.999,24.53152,1,0.0,0.0
2025-05-20 00:00:00,5.915,6.004,5.897,5.897,25.8,2025-05-20 00:59:59.999,153.19154,5,8.3,49.70424
2025-05-20 01:00:00,5.868,6.033,5.865,6.033,32.14,2025-05-20 01:59:59.999,191.22803,9,22.25,132.98678
2025-05-20 02:00:00,6.063,6.105,6.016,6.016,74.57,2025-05-20 02:59:59.999,454.61991,6,70.49,430.07463
2025-05-20 03:00:00,6.005,6.005,5.986,5.986,20.75,2025-05-20 03:59:59.999,124.52585,2,0.0,0.0
2025-05-20 04:00:00,5.956,5.956,5.954,5.954,7.37,2025-05-20 04:59:59.999,43.88922,2,0.0,0.0
2025-05-20 05:00:00,6.033,6.094,6.033,6.094,15.48,2025-05-20 05:59:59.999,93.94398,4,15.48,93.94398
2025-05-20 06:00:00,6.016,6.016,5.956,5.956,12.3,2025-05-20 06:59:59.999,73.6266,3,0.0,0.0
2025-05-20 07:00:00,5.954,5.954,5.954,5.954,3.25,2025-05-20 07:59:59.999,19.3505,1,0.0,0.0
2025-05-20 08:00:00,5.927,5.927,5.927,5.927,4.14,2025-05-20 08:59:59.999,24.53778,1,0.0,0.0
2025-05-20 09:00:00,5.897,5.897,5.876,5.876,4.36,2025-05-20 09:59:59.999,25.70672,2,0.0,0.0
2025-05-20 10:00:00,5.868,5.868,5.839,5.839,45.88,2025-05-20 10:59:59.999,268.09904,4,0.0,0.0
2025-05-20 11:00:00,5.81,5.81,5.81,5.81,4.22,2025-05-20 11:59:59.999,24.5182,1,0.0,0.0
2025-05-20 12:00:00,5.782,5.782,5.777,5.777,7.5,2025-05-20 12:59:59.999,43.34875,2,0.0,0.0
2025-05-20 13:00:00,5.753,5.753,5.751,5.751,73.81,2025-05-20 13:59:59.999,424.48985,2,0.0,0.0
2025-05-20 14:00:00,5.751,5.751,5.751,5.751,0.0,2025-05-20 14:59:59.999,0.0,0,0.0,0.0
2025-05-20 15:00:00,5.751,5.751,5.751,5.751,0.0,2025-05-20 15:59:59.999,0.0,0,0.0,0.0
2025-05-20 16:00:00,5.751,5.751,5.751,5.751,0.0,2025-05-20 16:59:59.999,0.0,0,0.0,0.0
2025-05-20 17:00:00,5.827,5.841,5.817,5.841,115.57,2025-05-20 17:59:59.999,674.80504,5,115.57,674.80504
2025-05-20 18:00:00,5.753,5.753,5.724,5.724,12.33,2025-05-20 18:59:59.999,70.70452,3,0.0,0.0
2025-05-20 19:00:00,5.798,5.885,5.798,5.885,20.58,2025-05-20 19:59:59.999,120.22076,5,20.58,120.22076
2025-05-20 20:00:00,5.909,5.944,5.909,5.944,11.56,2025-05-20 20:59:59.999,68.47534,3,11.56,68.47534
2025-05-20 21:00:00,5.973,5.973,5.973,5.973,4.16,2025-05-20 21:59:59.999,24.84768,1,4.16,24.84768
2025-05-20 22:00:00,5.897,5.897,5.897,5.897,4.16,2025-05-20 22:59:59.999,24.53152,1,0.0,0.0
2025-05-20 23:00:00,5.973,6.103,5.966,5.986,127.98,2025-05-20 23:59:59.999,770.54104,19,35.87,216.83925
2025-05-21 00:00:00,6.035,6.063,6.035,6.063,4.27,2025-05-21 00:59:59.999,25.88425,3,4.27,25.88425
2025-05-21 01:00:00,6.063,6.063,6.063,6.063,0.0,2025-05-21 01:59:59.999,0.0,0,0.0,0.0
2025-05-21 02:00:00,5.986,6.033,5.956,6.033,29.04,2025-05-21 02:59:59.999,174.22078,4,4.12,24.85596
2025-05-21 03:00:00,6.063,6.521,6.063,6.374,858.89,2025-05-21 03:59:59.999,5492.86392,51,446.19,2852.43822
2025-05-21 04:00:00,6.353,6.372,6.279,6.372,23.05,2025-05-21 04:59:59.999,146.01893,8,4.06,25.86008
2025-05-21 05:00:00,6.388,6.388,6.355,6.355,9.0,2025-05-21 05:59:59.999,57.261,2,9.0,57.261
2025-05-21 06:00:00,6.352,6.47,6.352,6.465,27.06,2025-05-21 06:59:59.999,174.45198,9,23.97,154.46586
2025-05-21 07:00:00,6.48,6.48,6.291,6.291,44.92,2025-05-21 07:59:59.999,287.60475,8,3.08,19.9584
2025-05-21 08:00:00,6.279,6.279,6.26,6.26,5.62,2025-05-21 08:59:59.999,35.19502,3,0.0,0.0
2025-05-21 09:00:00,6.23,6.23,6.167,6.167,28.99,2025-05-21 09:59:59.999,180.0682,9,0.0,0.0
2025-05-21 10:00:00,6.167,6.167,6.167,6.167,0.0,2025-05-21 10:59:59.999,0.0,0,0.0,0.0
2025-05-21 11:00:00,6.247,6.278,6.247,6.278,7.94,2025-05-21 11:59:59.999,49.72394,2,7.94,49.72394
2025-05-21 12:00:00,6.198,6.198,6.198,6.198,3.96,2025-05-21 12:59:59.999,24.54408,1,0.0,0.0
2025-05-21 13:00:00,6.167,6.169,6.16,6.169,96.51,2025-05-21 13:59:59.999,594.93245,4,92.53,570.38779
2025-05-21 14:00:00,6.247,6.341,6.167,6.341,23.92,2025-05-21 14:59:59.999,149.85512,7,19.94,125.31046
2025-05-21 15:00:00,6.308,6.352,6.248,6.308,91.46,2025-05-21 15:59:59.999,571.98223,8,0.64,4.05824
2025-05-21 16:00:00,6.341,6.435,6.289,6.422,440.14,2025-05-21 16:59:59.999,2822.1613,19,340.42,2189.45846
2025-05-21 17:00:00,6.353,6.353,6.016,6.016,147.01,2025-05-21 17:59:59.999,907.08737,25,77.37,478.20271
2025-05-21 18:00:00,6.016,6.124,6.016,6.046,17.86,2025-05-21 18:59:59.999,108.36712,8,8.48,51.79858
2025-05-21 19:00:00,6.093,6.154,6.093,6.154,8.27,2025-05-21 19:59:59.999,50.76141,3,8.27,50.76141
2025-05-21 20:00:00,6.16,6.16,6.16,6.16,22.0,2025-05-21 20:59:59.999,135.52,1,0.0,0.0
2025-05-21 21:00:00,6.184,6.185,6.106,6.106,11.22,2025-05-21 21:59:59.999,69.07494,4,7.2,44.52882
2025-05-21 22:00:00,6.112,6.112,6.112,6.112,24.7,2025-05-21 22:59:59.999,150.9664,1,24.7,150.9664
2025-05-21 23:00:00,6.185,6.309,6.185,6.217,36.4,2025-05-21 23:59:59.999,227.14726,15,32.3,201.60036
2025-05-22 00:00:00,6.302,6.373,6.279,6.373,75.71,2025-05-22 00:59:59.999,477.97199,15,64.3,406.08088
2025-05-22 01:00:00,6.404,6.454,6.322,6.322,97.53,2025-05-22 01:59:59.999,626.77961,11,47.59,306.77793
2025-05-22 02:00:00,6.354,6.354,6.354,6.354,1.72,2025-05-22 02:59:59.999,10.92888,3,0.0,0.0
2025-05-22 03:00:00,6.404,6.47,6.404,6.439,392.48,2025-05-22 03:59:59.999,2531.15892,12,27.1,174.56472
2025-05-22 04:00:00,6.42,6.42,6.385,6.404,414.46,2025-05-22 04:59:59.999,2655.33388,8,45.24,290.2078
2025-05-22 05:00:00,6.401,6.439,6.353,6.353,68.52,2025-05-22 05:59:59.999,438.43624,6,64.66,413.91366
2025-05-22 06:00:00,6.338,6.338,6.291,6.291,11.53,2025-05-22 06:59:59.999,72.78951,4,0.0,0.0
2025-05-22 07:00:00,6.288,6.372,6.281,6.372,5.9,2025-05-22 07:59:59.999,37.4448,4,4.4,28.0198
2025-05-22 08:00:00,6.389,6.47,6.389,6.47,15.3,2025-05-22 08:59:59.999,98.5504,6,15.3,98.5504
2025-05-22 09:00:00,6.49,6.568,6.439,6.439,66.15,2025-05-22 09:59:59.999,431.19534,22,40.28,263.12911
2025-05-22 10:00:00,6.442,6.442,6.417,6.417,28.99,2025-05-22 10:59:59.999,186.58983,3,0.0,0.0
2025-05-22 11:00:00,6.389,6.439,6.389,6.439,1.0,2025-05-22 11:59:59.999,6.414,2,0.5,3.2195
2025-05-22 12:00:00,6.389,6.439,6.385,6.439,4.84,2025-05-22 12:59:59.999,30.9324,3,0.5,3.2195
2025-05-22 13:00:00,6.389,6.389,6.338,6.389,5.36,2025-05-22 13:59:59.999,34.08058,4,0.5,3.1945
2025-05-22 14:00:00,6.435,6.439,6.435,6.439,4.36,2025-05-22 14:59:59.999,28.0586,2,4.36,28.0586
2025-05-22 15:00:00,6.468,6.54,6.468,6.49,860.19,2025-05-22 15:59:59.999,5612.4191,15,12.63,82.11272
2025-05-22 16:00:00,6.48,6.48,6.417,6.417,23.56,2025-05-22 16:59:59.999,152.28953,4,0.0,0.0
2025-05-22 17:00:00,6.455,6.455,6.455,6.455,1.73,2025-05-22 17:59:59.999,11.16715,1,1.73,11.16715
2025-05-22 18:00:00,6.392,6.392,6.392,6.392,9.37,2025-05-22 18:59:59.999,59.89304,1,0.0,0.0
2025-05-22 19:00:00,6.39,6.39,6.385,6.385,15.08,2025-05-22 19:59:59.999,96.3415,3,0.0,0.0
2025-05-22 20:00:00,6.399,6.399,6.353,6.353,27.23,2025-05-22 20:59:59.999,174.06721,2,23.37,149.54463
2025-05-22 21:00:00,6.34,6.34,6.322,6.322,9.3,2025-05-22 21:59:59.999,58.84241,4,0.0,0.0
2025-05-22 22:00:00,6.335,6.379,6.323,6.354,29.35,2025-05-22 22:59:59.999,186.29537,6,9.29,59.17083
2025-05-22 23:00:00,6.389,6.439,6.389,6.439,23.0,2025-05-22 23:59:59.999,147.67674,6,23.0,147.67674
2025-05-23 00:00:00,6.439,6.468,6.385,6.439,113.93,2025-05-23 00:59:59.999,733.47427,5,4.34,28.05662
2025-05-23 01:00:00,6.468,6.607,6.467,6.565,727.41,2025-05-23 01:59:59.999,4773.17498,36,65.46,428.79661
2025-05-23 02:00:00,6.532,6.792,6.532,6.621,1311.29,2025-05-23 02:59:59.999,8838.97988,56,1075.72,7249.97507
2025-05-23 03:00:00,6.692,6.742,6.692,6.742,58.19,2025-05-23 03:59:59.999,389.7377,5,4.69,31.5507
2025-05-23 04:00:00,6.692,6.692,6.563,6.563,40.72,2025-05-23 04:59:59.999,268.68117,11,0.0,0.0
2025-05-23 05:00:00,6.546,6.591,6.54,6.591,4.75,2025-05-23 05:59:59.999,31.113,3,0.5,3.2955
2025-05-23 06:00:00,6.54,6.54,6.417,6.417,912.16,2025-05-23 06:59:59.999,5860.02849,21,842.8,5411.6188
2025-05-23 07:00:00,6.49,6.5,6.439,6.439,8.02,2025-05-23 07:59:59.999,52.0081,5,4.32,28.075
2025-05-23 08:00:00,6.49,6.54,6.49,6.539,82.64,2025-05-23 08:59:59.999,540.33229,4,82.64,540.33229
2025-05-23 09:00:00,6.565,6.597,6.553,6.597,16.8,2025-05-23 09:59:59.999,110.36846,5,11.24,73.93378
2025-05-23 10:00:00,6.54,6.548,6.513,6.548,21.45,2025-05-23 10:59:59.999,140.31865,3,0.0,0.0
2025-05-23 11:00:00,6.49,6.49,6.136,6.136,264.79,2025-05-23 11:59:59.999,1662.00737,40,0.0,0.0
2025-05-23 12:00:00,6.106,6.106,5.985,6.094,290.42,2025-05-23 12:59:59.999,1756.26159,29,16.87,102.26837
2025-05-23 13:00:00,6.124,6.215,6.124,6.203,262.64,2025-05-23 13:59:59.999,1626.11998,10,256.29,1586.73093
2025-05-23 14:00:00,6.237,6.247,6.187,6.237,37.44,2025-05-23 14:59:59.999,232.9528,5,4.98,31.10006
2025-05-23 15:00:00,6.187,6.187,6.136,6.136,13.03,2025-05-23 15:59:59.999,80.26296,5,4.05,25.0128
2025-05-23 16:00:00,6.106,6.146,6.086,6.146,86.7,2025-05-23 16:59:59.999,532.6624,4,0.5,3.068
2025-05-23 17:00:00,6.185,6.23,6.185,6.205,63.09,2025-05-23 17:59:59.999,391.5383,5,13.09,81.2883
2025-05-23 18:00:00,6.205,6.205,6.205,6.205,80.0,2025-05-23 18:59:59.999,496.4,1,0.0,0.0
2025-05-23 19:00:00,6.205,6.205,6.205,6.205,0.0,2025-05-23 19:59:59.999,0.0,0,0.0,0.0
2025-05-23 20:00:00,6.136,6.144,6.106,6.106,89.73,2025-05-23 20:59:59.999,551.11236,4,0.0,0.0
2025-05-23 21:00:00,6.086,6.136,6.086,6.086,1.5,2025-05-23 21:59:59.999,9.154,3,0.5,3.068
2025-05-23 22:00:00,6.105,6.105,6.076,6.076,4.37,2025-05-23 22:59:59.999,26.56169,2,0.33,2.01465
2025-05-23 23:00:00,6.048,6.048,5.954,5.954,68.0,2025-05-23 23:59:59.999,406.79113,12,19.08,113.86944
2025-05-24 00:00:00,5.971,6.035,5.971,6.035,10.76,2025-05-24 00:59:59.999,64.5354,3,10.76,64.5354
2025-05-24 01:00:00,6.063,6.063,6.058,6.06,60.47,2025-05-24 01:59:59.999,366.42234,3,4.1,24.8583
2025-05-24 02:00:00,6.086,6.093,6.066,6.087,104.38,2025-05-24 02:59:59.999,635.02011,9,5.4,32.84272
2025-05-24 03:00:00,6.094,6.094,6.094,6.094,4.08,2025-05-24 03:59:59.999,24.86352,1,4.08,24.86352
2025-05-24 04:00:00,6.124,6.136,6.124,6.136,4.56,2025-05-24 04:59:59.999,27.93144,2,4.56,27.93144
2025-05-24 05:00:00,6.086,6.086,6.086,6.086,0.5,2025-05-24 05:59:59.999,3.043,1,0.0,0.0
2025-05-24 06:00:00,6.086,6.086,6.086,6.086,0.0,2025-05-24 06:59:59.999,0.0,0,0.0,0.0
2025-05-24 07:00:00,6.136,6.154,6.136,6.154,5.2,2025-05-24 07:59:59.999,31.9918,3,5.2,31.9918
2025-05-24 08:00:00,6.086,6.086,6.086,6.086,0.5,2025-05-24 08:59:59.999,3.043,1,0.0,0.0
2025-05-24 09:00:00,6.136,6.158,6.133,6.133,9.78,2025-05-24 09:59:59.999,60.04079,4,1.31,8.05598
2025-05-24 10:00:00,6.177,6.215,6.177,6.215,15.75,2025-05-24 10:59:59.999,97.57212,7,15.75,97.57212
2025-05-24 11:00:00,6.236,6.236,6.236,6.236,4.01,2025-05-24 11:59:59.999,25.00636,1,4.01,25.00636
2025-05-24 12:00:00,6.237,6.247,6.237,6.247,4.48,2025-05-24 12:59:59.999,27.98156,2,4.48,27.98156
2025-05-24 13:00:00,6.218,6.218,6.187,6.187,2.1,2025-05-24 13:59:59.999,13.0423,2,0.0,0.0
2025-05-24 14:00:00,6.168,6.168,6.167,6.167,4.47,2025-05-24 14:59:59.999,27.56698,2,0.0,0.0
2025-05-24 15:00:00,6.167,6.167,6.167,6.167,0.0,2025-05-24 15:59:59.999,0.0,0,0.0,0.0
2025-05-24 16:00:00,6.237,6.237,6.237,6.237,0.5,2025-05-24 16:59:59.999,3.1185,1,0.5,3.1185
2025-05-24 17:00:00,6.247,6.306,6.237,6.237,28.79,2025-05-24 17:59:59.999,180.32098,12,14.17,88.85316
2025-05-24 18:00:00,6.223,6.224,6.187,6.187,50.57,2025-05-24 18:59:59.999,314.14112,7,38.86,241.60062
2025-05-24 19:00:00,6.187,6.187,6.187,6.187,0.0,2025-05-24 19:59:59.999,0.0,0,0.0,0.0
2025-05-24 20:00:00,6.187,6.187,6.187,6.187,0.0,2025-05-24 20:59:59.999,0.0,0,0.0,0.0
2025-05-24 21:00:00,6.167,6.167,6.167,6.167,3.98,2025-05-24 21:59:59.999,24.54466,1,0.0,0.0
2025-05-24 22:00:00,6.137,6.137,6.136,6.136,7.75,2025-05-24 22:59:59.999,47.55725,3,0.0,0.0
2025-05-24 23:00:00,6.106,6.106,6.106,6.106,4.02,2025-05-24 23:59:59.999,24.54612,1,0.0,0.0
2025-05-25 00:00:00,6.086,6.086,6.035,6.035,12.35,2025-05-25 00:59:59.999,74.80055,5,0.0,0.0
2025-05-25 01:00:00,6.016,6.022,5.997,5.997,19.12,2025-05-25 01:59:59.999,114.93091,3,7.63,45.94786
2025-05-25 02:00:00,5.986,6.035,5.985,6.03,437.85,2025-05-25 02:59:59.999,2639.80326,7,6.94,41.61886
2025-05-25 03:00:00,6.063,6.094,6.063,6.094,8.68,2025-05-25 03:59:59.999,52.76482,3,8.68,52.76482
2025-05-25 04:00:00,6.057,6.057,6.057,6.057,1.8,2025-05-25 04:59:59.999,10.9026,1,0.0,0.0
2025-05-25 05:00:00,6.051,6.051,6.051,6.051,24.0,2025-05-25 05:59:59.999,145.224,1,0.0,0.0
2025-05-25 06:00:00,6.035,6.035,6.035,6.035,0.5,2025-05-25 06:59:59.999,3.0175,1,0.0,0.0
2025-05-25 07:00:00,6.031,6.031,5.985,5.985,10.48,2025-05-25 07:59:59.999,62.93618,4,0.0,0.0
2025-05-25 08:00:00,5.956,5.956,5.916,5.916,446.35,2025-05-25 08:59:59.999,2656.716,10,62.89,374.1955
2025-05-25 09:00:00,5.902,5.902,5.899,5.899,6.09,2025-05-25 09:59:59.999,35.92998,2,0.0,0.0
2025-05-25 10:00:00,5.985,5.985,5.985,5.985,0.5,2025-05-25 10:59:59.999,2.9925,1,0.5,2.9925
2025-05-25 11:00:00,5.985,5.985,5.985,5.985,0.0,2025-05-25 11:59:59.999,0.0,0,0.0,0.0
2025-05-25 12:00:00,6.004,6.035,6.004,6.035,8.76,2025-05-25 12:59:59.999,52.73002,3,8.76,52.73002
2025-05-25 13:00:00,6.063,6.063,6.063,6.063,4.1,2025-05-25 13:59:59.999,24.8583,1,4.1,24.8583
2025-05-25 14:00:00,6.063,6.063,6.063,6.063,0.0,2025-05-25 14:59:59.999,0.0,0,0.0,0.0
2025-05-25 15:00:00,5.986,5.986,5.934,5.985,10.55,2025-05-25 15:59:59.999,63.00004,6,1.33,7.95922
2025-05-25 16:00:00,6.033,6.035,6.033,6.035,4.62,2025-05-25 16:59:59.999,27.87346,2,4.62,27.87346
2025-05-25 17:00:00,6.035,6.035,6.035,6.035,0.0,2025-05-25 17:59:59.999,0.0,0,0.0,0.0
2025-05-25 18:00:00,6.035,6.035,6.035,6.035,0.0,2025-05-25 18:59:59.999,0.0,0,0.0,0.0
2025-05-25 19:00:00,6.063,6.086,6.063,6.073,6.23,2025-05-25 19:59:59.999,37.80029,3,4.6,27.9013
2025-05-25 20:00:00,6.035,6.035,6.035,6.035,0.5,2025-05-25 20:59:59.999,3.0175,1,0.0,0.0
2025-05-25 21:00:00,6.035,6.035,6.035,6.035,0.0,2025-05-25 21:59:59.999,0.0,0,0.0,0.0
2025-05-25 22:00:00,6.086,6.154,6.071,6.154,27.98,2025-05-25 22:59:59.999,170.73712,8,16.36,100.06632
2025-05-25 23:00:00,6.154,6.154,6.154,6.154,1.67,2025-05-25 23:59:59.999,10.27718,1,0.0,0.0
2025-05-26 00:00:00,6.167,6.212,6.167,6.212,34.65,2025-05-26 00:59:59.999,214.54111,7,34.65,214.54111
2025-05-26 01:00:00,6.215,6.215,6.212,6.212,10.28,2025-05-26 01:59:59.999,63.87136,2,4.0,24.86
2025-05-26 02:00:00,6.146,6.146,6.146,6.146,1.62,2025-05-26 02:59:59.999,9.95652,1,1.62,9.95652
2025-05-26 03:00:00,6.174,6.174,6.174,6.174,27.53,2025-05-26 03:59:59.999,169.97022,1,0.0,0.0
2025-05-26 04:00:00,6.237,6.288,6.237,6.288,13.87,2025-05-26 04:59:59.999,86.92123,6,13.87,86.92123
2025-05-26 05:00:00,6.237,6.32,6.237,6.32,6.72,2025-05-26 05:59:59.999,42.36956,4,6.22,39.25106
2025-05-26 06:00:00,6.338,6.5,6.338,6.5,378.32,2025-05-26 06:59:59.999,2438.40648,29,351.34,2264.52677
2025-05-26 07:00:00,6.519,6.591,6.502,6.502,89.01,2025-05-26 07:59:59.999,583.20083,21,57.54,377.40283
2025-05-26 08:00:00,6.586,6.641,6.54,6.591,126.99,2025-05-26 08:59:59.999,837.44096,24,65.2,431.74493
2025-05-26 09:00:00,6.598,6.598,6.54,6.54,8.59,2025-05-26 09:59:59.999,56.60229,3,0.0,0.0
2025-05-26 10:00:00,6.591,6.591,6.591,6.591,0.5,2025-05-26 10:59:59.999,3.2955,1,0.5,3.2955
2025-05-26 11:00:00,6.591,6.591,6.591,6.591,0.0,2025-05-26 11:59:59.999,0.0,0,0.0,0.0
2025-05-26 12:00:00,6.594,6.641,6.594,6.641,14.33,2025-05-26 12:59:59.999,94.85635,5,7.52,49.79458
2025-05-26 13:00:00,6.598,6.598,6.513,6.513,18.13,2025-05-26 13:59:59.999,118.37638,6,0.0,0.0
2025-05-26 14:00:00,6.49,6.49,6.417,6.417,30.39,2025-05-26 14:59:59.999,196.04098,11,0.0,0.0
2025-05-26 15:00:00,6.411,6.51,6.41,6.51,117.35,2025-05-26 15:59:59.999,756.36651,9,53.5,346.92558
2025-05-26 16:00:00,6.532,6.54,6.439,6.49,16.26,2025-05-26 16:59:59.999,105.60375,7,4.81,31.40192
2025-05-26 17:00:00,6.439,6.439,6.405,6.405,41.07,2025-05-26 17:59:59.999,263.64072,6,0.0,0.0
2025-05-26 18:00:00,6.389,6.439,6.385,6.412,24.86,2025-05-26 18:59:59.999,159.13138,5,0.5,3.2195
2025-05-26 19:00:00,6.389,6.411,6.389,6.411,8.76,2025-05-26 19:59:59.999,56.14502,3,0.31,1.98307
2025-05-26 20:00:00,6.396,6.439,6.396,6.439,22.37,2025-05-26 20:59:59.999,143.33453,5,0.5,3.2195
2025-05-26 21:00:00,6.456,6.5,6.456,6.5,20.37,2025-05-26 21:59:59.999,132.08933,5,20.21,131.05637
2025-05-26 22:00:00,6.518,6.518,6.473,6.473,16.59,2025-05-26 22:59:59.999,107.70855,3,7.0,45.626
2025-05-26 23:00:00,6.439,6.49,6.439,6.49,1.0,2025-05-26 23:59:59.999,6.4645,2,0.5,3.245
2025-05-27 00:00:00,6.439,6.439,6.417,6.417,4.32,2025-05-27 00:59:59.999,27.73244,2,0.0,0.0
2025-05-27 01:00:00,6.389,6.389,6.288,6.351,130.6,2025-05-27 01:59:59.999,826.12714,13,3.76,23.87326
2025-05-27 02:00:00,6.372,6.404,6.372,6.404,103.1,2025-05-27 02:59:59.999,658.50816,4,103.1,658.50816
2025-05-27 03:00:00,6.432,6.49,6.432,6.439,19.11,2025-05-27 03:59:59.999,123.22218,7,18.61,120.00268
2025-05-27 04:00:00,6.49,6.584,6.49,6.547,120.97,2025-05-27 04:59:59.999,794.79284,12,106.66,701.08385
2025-05-27 05:00:00,6.582,6.641,6.582,6.641,19.5,2025-05-27 05:59:59.999,128.75356,6,14.49,95.64748
2025-05-27 06:00:00,6.649,6.741,6.54,6.54,270.27,2025-05-27 06:59:59.999,1795.13448,33,119.15,795.49776
2025-05-27 07:00:00,6.569,6.641,6.569,6.641,17.61,2025-05-27 07:59:59.999,116.11927,6,17.61,116.11927
2025-05-27 08:00:00,6.663,6.749,6.663,6.721,142.02,2025-05-27 08:59:59.999,953.87461,12,67.99,456.73395
2025-05-27 09:00:00,6.692,6.692,6.637,6.679,25.1,2025-05-27 09:59:59.999,167.18947,9,6.83,45.48397
2025-05-27 10:00:00,6.692,6.692,6.692,6.692,0.5,2025-05-27 10:59:59.999,3.346,1,0.5,3.346
2025-05-27 11:00:00,6.666,6.666,6.628,6.661,18.78,2025-05-27 11:59:59.999,124.83572,4,3.1,20.6491
2025-05-27 12:00:00,6.692,6.692,6.692,6.692,0.5,2025-05-27 12:59:59.999,3.346,1,0.5,3.346
2025-05-27 13:00:00,6.725,6.77,6.54,6.54,130.55,2025-05-27 13:59:59.999,873.71092,25,21.56,144.56649
2025-05-27 14:00:00,6.519,6.519,6.481,6.491,55.61,2025-05-27 14:59:59.999,361.42472,11,11.94,77.41896
2025-05-27 15:00:00,6.484,6.494,6.484,6.494,33.48,2025-05-27 15:59:59.999,217.1055,3,0.0,0.0
2025-05-27 16:00:00,6.495,6.565,6.495,6.565,45.08,2025-05-27 16:59:59.999,294.838,4,35.09,229.95295
2025-05-27 17:00:00,6.591,6.641,6.591,6.605,29.38,2025-05-27 17:59:59.999,193.94636,24,22.36,147.60676
2025-05-27 18:00:00,6.591,6.591,6.546,6.546,4.25,2025-05-27 18:59:59.999,27.843,2,0.0,0.0
2025-05-27 19:00:00,6.54,6.54,6.516,6.516,2.42,2025-05-27 19:59:59.999,15.78072,2,0.0,0.0
2025-05-27 20:00:00,6.513,6.513,6.481,6.481,8.06,2025-05-27 20:59:59.999,52.362,3,0.0,0.0
2025-05-27 21:00:00,6.458,6.458,6.458,6.458,1.85,2025-05-27 21:59:59.999,11.9473,1,0.0,0.0
2025-05-27 22:00:00,6.449,6.449,6.316,6.316,156.65,2025-05-27 22:59:59.999,998.84116,27,0.63,3.9942
2025-05-27 23:00:00,6.316,6.316,6.316,6.316,0.0,2025-05-27 23:59:59.999,0.0,0,0.0,0.0
2025-05-28 00:00:00,6.298,6.389,6.26,6.389,50.16,2025-05-28 00:59:59.999,316.2472,11,15.15,96.12208
2025-05-28 01:00:00,6.344,6.344,6.315,6.315,373.01,2025-05-28 01:59:59.999,2355.66448,3,0.0,0.0
2025-05-28 02:00:00,6.315,6.326,6.288,6.288,1847.71,2025-05-28 02:59:59.999,11668.18991,17,0.76,4.80776
2025-05-28 03:00:00,6.338,6.389,6.338,6.387,68.39,2025-05-28 03:59:59.999,436.72493,4,68.39,436.72493
2025-05-28 04:00:00,6.404,6.713,6.404,6.686,189.5,2025-05-28 04:59:59.999,1252.25905,29,171.55,1132.86251
2025-05-28 05:00:00,6.641,6.692,6.597,6.681,18.22,2025-05-28 05:59:59.999,120.76588,7,0.5,3.346
2025-05-28 06:00:00,6.641,6.641,6.641,6.641,0.5,2025-05-28 06:59:59.999,3.3205,1,0.0,0.0
2025-05-28 07:00:00,6.692,6.828,6.692,6.71,284.24,2025-05-28 07:59:59.999,1921.53846,29,181.37,1231.07514
2025-05-28 08:00:00,6.724,6.96,6.724,6.932,149.48,2025-05-28 08:59:59.999,1026.28968,29,137.27,942.18854
2025-05-28 09:00:00,6.922,6.922,6.843,6.843,23.07,2025-05-28 09:59:59.999,158.59681,8,0.0,0.0
2025-05-28 10:00:00,6.835,6.899,6.779,6.899,45.04,2025-05-28 10:59:59.999,307.31106,11,4.6,31.7049
2025-05-28 11:00:00,6.933,6.971,6.862,6.862,102.52,2025-05-28 11:59:59.999,711.63238,14,81.42,566.14221
2025-05-28 12:00:00,6.889,6.89,6.811,6.827,64.52,2025-05-28 12:59:59.999,442.47289,13,11.81,81.35909
2025-05-28 13:00:00,6.809,6.821,6.776,6.776,48.41,2025-05-28 13:59:59.999,329.3929,10,2.87,19.57627
2025-05-28 14:00:00,6.749,6.749,6.677,6.705,31.19,2025-05-28 14:59:59.999,209.52341,10,0.0,0.0
2025-05-28 15:00:00,6.662,6.742,6.641,6.742,29.42,2025-05-28 15:59:59.999,196.36758,9,12.29,82.48264
2025-05-28 16:00:00,6.692,6.742,6.678,6.723,9.01,2025-05-28 16:59:59.999,60.32671,6,0.5,3.371
2025-05-28 17:00:00,6.749,6.749,6.692,6.692,2.12,2025-05-28 17:59:59.999,14.27938,2,0.0,0.0
2025-05-28 18:00:00,6.692,6.692,6.692,6.692,0.0,2025-05-28 18:59:59.999,0.0,0,0.0,0.0
2025-05-28 19:00:00,6.644,6.644,6.61,6.61,869.61,2025-05-28 19:59:59.999,5749.68067,19,509.74,3369.3814
2025-05-28 20:00:00,6.63,6.63,6.63,6.63,20.5,2025-05-28 20:59:59.999,135.915,2,8.77,58.1451
2025-05-28 21:00:00,6.692,6.709,6.688,6.709,5.92,2025-05-28 21:59:59.999,39.63795,9,5.92,39.63795
2025-05-28 22:00:00,6.669,6.682,6.611,6.611,6.73,2025-05-28 22:59:59.999,44.65658,9,2.52,16.80927
2025-05-28 23:00:00,6.692,6.862,6.692,6.862,53.63,2025-05-28 23:59:59.999,363.17268,20,53.35,361.27988
2025-05-29 00:00:00,6.864,7.214,6.864,7.214,882.14,2025-05-29 00:59:59.999,6270.92824,60,864.47,6146.54804
2025-05-29 01:00:00,7.217,7.234,7.12,7.234,901.18,2025-05-29 01:59:59.999,6496.48866,13,890.52,6420.29445
2025-05-29 02:00:00,7.247,7.55,7.208,7.531,1165.93,2025-05-29 02:59:59.999,8702.32783,70,999.49,7481.32581
2025-05-29 03:00:00,7.5,7.66,7.41,7.5,391.4,2025-05-29 03:59:59.999,2979.14302,27,324.74,2479.00619
2025-05-29 04:00:00,7.506,7.506,7.216,7.216,948.0,2025-05-29 04:59:59.999,7062.19838,34,846.88,6322.74685
2025-05-29 05:00:00,7.286,7.298,7.109,7.109,71.3,2025-05-29 05:59:59.999,511.73623,21,8.59,62.59274
2025-05-29 06:00:00,7.16,7.197,7.138,7.138,8.63,2025-05-29 06:59:59.999,61.75522,4,5.99,42.9069
2025-05-29 07:00:00,7.126,7.141,7.126,7.133,445.61,2025-05-29 07:59:59.999,3176.44413,5,1.0,7.141
2025-05-29 08:00:00,7.197,7.21,7.146,7.146,2.77,2025-05-29 08:59:59.999,19.878,5,0.9,6.4821
2025-05-29 09:00:00,7.096,7.146,7.087,7.146,5.83,2025-05-29 09:59:59.999,41.43646,4,2.05,14.6431
2025-05-29 10:00:00,7.096,7.146,7.096,7.146,1.0,2025-05-29 10:59:59.999,7.121,2,0.5,3.573
2025-05-29 11:00:00,7.13,7.13,7.13,7.13,1.54,2025-05-29 11:59:59.999,10.9802,1,0.0,0.0
2025-05-29 12:00:00,7.096,7.096,7.02,7.02,34.63,2025-05-29 12:59:59.999,244.10702,8,0.0,0.0
2025-05-29 13:00:00,7.02,7.07,6.838,6.838,116.51,2025-05-29 13:59:59.999,810.83738,25,2.16,15.08612
2025-05-29 14:00:00,6.893,6.894,6.773,6.865,808.14,2025-05-29 14:59:59.999,5502.13558,20,401.21,2729.28344
2025-05-29 15:00:00,6.892,6.894,6.777,6.777,7.99,2025-05-29 15:59:59.999,54.57778,5,3.37,23.22704
2025-05-29 16:00:00,6.743,6.79,6.737,6.737,19.72,2025-05-29 16:59:59.999,132.9172,4,0.74,5.0246
2025-05-29 17:00:00,6.721,6.721,6.704,6.704,39.34,2025-05-29 17:59:59.999,264.12992,8,0.0,0.0
2025-05-29 18:00:00,6.793,6.797,6.71,6.752,43.67,2025-05-29 18:59:59.999,294.15152,6,21.14,142.92248
2025-05-29 19:00:00,6.692,6.692,6.67,6.68,92.57,2025-05-29 19:59:59.999,618.19078,6,0.0,0.0
2025-05-29 20:00:00,6.68,6.68,6.68,6.68,0.0,2025-05-29 20:59:59.999,0.0,0,0.0,0.0
2025-05-29 21:00:00,6.68,6.68,6.68,6.68,0.0,2025-05-29 21:59:59.999,0.0,0,0.0,0.0
2025-05-29 22:00:00,6.683,6.683,6.641,6.641,65.68,2025-05-29 22:59:59.999,438.64557,5,0.0,0.0
2025-05-29 23:00:00,6.66,6.66,6.54,6.54,53.17,2025-05-29 23:59:59.999,351.47493,12,24.9,165.19427
2025-05-30 00:00:00,6.591,6.663,6.322,6.322,222.43,2025-05-30 00:59:59.999,1436.90308,34,11.54,76.39942
2025-05-30 01:00:00,6.404,6.49,6.404,6.439,16.26,2025-05-30 01:59:59.999,104.78234,7,15.76,101.56284
2025-05-30 02:00:00,6.49,6.559,6.49,6.559,16.88,2025-05-30 02:59:59.999,110.03791,6,16.88,110.03791
2025-05-30 03:00:00,6.565,6.597,6.49,6.49,16.01,2025-05-30 03:59:59.999,105.00279,7,11.24,73.93378
2025-05-30 04:00:00,6.481,6.54,6.449,6.54,11.91,2025-05-30 04:59:59.999,77.2906,4,4.31,28.15692
2025-05-30 05:00:00,6.558,6.591,6.49,6.591,45.04,2025-05-30 05:59:59.999,295.37985,7,44.04,288.86485
2025-05-30 06:00:00,6.597,6.663,6.481,6.481,112.78,2025-05-30 06:59:59.999,746.48133,12,96.74,641.71539
2025-05-30 07:00:00,6.565,6.565,6.565,6.565,3.79,2025-05-30 07:59:59.999,24.88135,1,3.79,24.88135
2025-05-30 08:00:00,6.565,6.565,6.565,6.565,0.0,2025-05-30 08:59:59.999,0.0,0,0.0,0.0
2025-05-30 09:00:00,6.549,6.549,6.481,6.481,11.8,2025-05-30 09:59:59.999,77.02048,2,0.0,0.0
2025-05-30 10:00:00,6.565,6.565,6.565,6.565,3.79,2025-05-30 10:59:59.999,24.88135,1,3.79,24.88135
2025-05-30 11:00:00,6.565,6.631,6.565,6.631,74.24,2025-05-30 11:59:59.999,487.76674,4,8.02,53.03244
2025-05-30 12:00:00,6.546,6.597,6.513,6.597,12.29,2025-05-30 12:59:59.999,80.5377,5,4.27,28.16619
2025-05-30 13:00:00,6.631,6.631,6.513,6.513,11.77,2025-05-30 13:59:59.999,77.23776,4,3.75,24.86625
2025-05-30 14:00:00,6.481,6.481,6.481,6.481,3.79,2025-05-30 14:59:59.999,24.56299,1,0.0,0.0
2025-05-30 15:00:00,6.519,6.565,6.519,6.565,4.0,2025-05-30 15:59:59.999,26.25034,2,4.0,26.25034
2025-05-30 16:00:00,6.481,6.521,6.255,6.255,74.27,2025-05-30 16:59:59.999,469.57191,15,1.92,12.52032
2025-05-30 17:00:00,6.341,6.404,6.341,6.375,13.61,2025-05-30 17:59:59.999,86.73129,4,11.7,74.55504
2025-05-30 18:00:00,6.435,6.47,6.402,6.455,36.08,2025-05-30 18:59:59.999,232.00888,6,19.1,123.30292
2025-05-30 19:00:00,6.5,6.5,6.5,6.5,3.82,2025-05-30 19:59:59.999,24.83,1,3.82,24.83
2025-05-30 20:00:00,6.496,6.496,6.496,6.496,5.0,2025-05-30 20:59:59.999,32.48,1,5.0,32.48
2025-05-30 21:00:00,6.417,6.417,6.417,6.417,3.82,2025-05-30 21:59:59.999,24.51294,1,0.0,0.0
2025-05-30 22:00:00,6.389,6.389,6.193,6.193,63.28,2025-05-30 22:59:59.999,395.22539,12,0.0,0.0
2025-05-30 23:00:00,6.167,6.167,6.133,6.133,22.98,2025-05-30 23:59:59.999,141.09666,4,0.0,0.0
2025-05-31 00:00:00,6.215,6.215,6.076,6.076,65.27,2025-05-31 00:59:59.999,398.44814,6,4.0,24.86
2025-05-31 01:00:00,6.052,6.052,5.954,5.954,47.69,2025-05-31 01:59:59.999,287.1491,10,0.0,0.0
2025-05-31 02:00:00,5.927,6.033,5.927,6.033,12.4,2025-05-31 02:59:59.999,74.2503,3,8.26,49.71252
2025-05-31 03:00:00,5.956,5.956,5.927,5.927,8.26,2025-05-31 03:59:59.999,49.0765,2,0.0,0.0
2025-05-31 04:00:00,5.927,6.004,5.897,6.004,31.13,2025-05-31 04:59:59.999,184.84605,5,8.3,49.70424
2025-05-31 05:00:00,6.033,6.033,6.033,6.033,4.12,2025-05-31 05:59:59.999,24.85596,1,4.12,24.85596
2025-05-31 06:00:00,6.014,6.063,6.014,6.063,65.68,2025-05-31 06:59:59.999,396.48202,4,14.1,85.2683
2025-05-31 07:00:00,6.063,6.063,6.063,6.063,0.0,2025-05-31 07:59:59.999,0.0,0,0.0,0.0
2025-05-31 08:00:00,6.063,6.063,6.063,6.063,0.0,2025-05-31 08:59:59.999,0.0,0,0.0,0.0
2025-05-31 09:00:00,6.009,6.009,6.009,6.009,3.01,2025-05-31 09:59:59.999,18.08709,1,0.0,0.0
2025-05-31 10:00:00,5.986,5.986,5.986,5.986,4.1,2025-05-31 10:59:59.999,24.5426,2,0.0,0.0
2025-05-31 11:00:00,5.986,5.986,5.986,5.986,0.0,2025-05-31 11:59:59.999,0.0,0,0.0,0.0
2025-05-31 12:00:00,5.986,5.986,5.986,5.986,0.0,2025-05-31 12:59:59.999,0.0,0,0.0,0.0
2025-05-31 13:00:00,6.063,6.094,6.016,6.016,35.42,2025-05-31 13:59:59.999,214.13268,5,11.36,69.08802
2025-05-31 14:00:00,6.079,6.094,6.078,6.094,7.33,2025-05-31 14:59:59.999,44.62127,14,4.08,24.86352
2025-05-31 15:00:00,6.112,6.124,6.112,6.124,5.91,2025-05-31 15:59:59.999,36.17064,2,5.91,36.17064
2025-05-31 16:00:00,6.101,6.168,6.101,6.168,142.38,2025-05-31 16:59:59.999,870.2145,4,142.38,870.2145
2025-05-31 17:00:00,6.168,6.168,6.168,6.168,0.0,2025-05-31 17:59:59.999,0.0,0,0.0,0.0
2025-05-31 18:00:00,6.168,6.168,6.168,6.168,0.0,2025-05-31 18:59:59.999,0.0,0,0.0,0.0
2025-05-31 19:00:00,6.151,6.151,6.151,6.151,0.81,2025-05-31 19:59:59.999,4.98231,1,0.81,4.98231
2025-05-31 20:00:00,6.151,6.151,6.151,6.151,0.0,2025-05-31 20:59:59.999,0.0,0,0.0,0.0
2025-05-31 21:00:00,6.151,6.151,6.151,6.151,0.0,2025-05-31 21:59:59.999,0.0,0,0.0,0.0
2025-05-31 22:00:00,6.151,6.151,6.151,6.151,0.0,2025-05-31 22:59:59.999,0.0,0,0.0,0.0
2025-05-31 23:00:00,6.076,6.076,6.048,6.048,7.33,2025-05-31 23:59:59.999,44.44496,2,0.0,0.0
2025-06-01 00:00:00,6.046,6.052,6.023,6.023,107.26,2025-06-01 00:59:59.999,647.8219,25,0.0,0.0
